step,mean_belief,polarization_var,share_extremes,assortativity,regime,weak_tie_fraction,weak_edge_disagreement,strong_edge_disagreement,inter_cluster_gap,weak_tie_activations,strong_tie_activations,weak_activation_share,adoption_share
0,0.15948362934708185,0.47540176903997533,0.15,0.006389094193972209,echo,0.09547738693467336,0.83567064060432,0.7761058107176046,0.047142782671677624,0,0,,0.44
1,0.16316386789334517,0.47937951195548495,0.14,0.026328845397156592,echo,0.09547738693467336,0.8291756117548423,0.7562778180021089,0.04690914252835782,8,127,0.05925925925925926,0.46
2,0.1650524366648711,0.4768903485045131,0.11,0.03299411951125028,echo,0.09547738693467336,0.8162378865185685,0.7446592292948108,0.058218147116618435,8,130,0.057971014492753624,0.46
3,0.16637599399358952,0.47536975927363306,0.1,0.06772016921301971,echo,0.09547738693467336,0.8050860781554877,0.7371729628711682,0.06634274296233975,10,130,0.07142857142857142,0.48
4,0.16794388744619215,0.4753531750839363,0.09,0.07774780383205362,echo,0.09547738693467336,0.7962625579589061,0.7322170874884881,0.07239985693762141,10,136,0.0684931506849315,0.48
5,0.16581397580350557,0.4709821403553366,0.09,0.07229334817701086,echo,0.09547738693467336,0.7961471081108762,0.723172859416378,0.07564450513812201,10,142,0.06578947368421052,0.5
6,0.16412178052378074,0.46807501537566515,0.09,0.09967190467967536,echo,0.09547738693467336,0.7990298194659894,0.7163046036272717,0.07858668562176165,10,145,0.06451612903225806,0.51
7,0.16417350996930644,0.466909216191572,0.09,0.09967190467967536,echo,0.09547738693467336,0.8011203583790047,0.7119220400619917,0.08388529204325516,10,146,0.0641025641025641,0.52
8,0.16322733375259166,0.46473382710923195,0.09,0.1145182987823808,echo,0.09547738693467336,0.7980545535781145,0.7072689875150334,0.08600114461939934,10,150,0.0625,0.52
9,0.16293723924961,0.4632751391469948,0.09,0.1145182987823808,echo,0.09547738693467336,0.794793551505113,0.7041918337758599,0.08952374290448542,11,148,0.06918238993710692,0.52
10,0.16278482989879797,0.4616629173637776,0.09,0.12842707866331002,echo,0.09547738693467336,0.7904417944776834,0.6984769163240283,0.09345624410537663,12,153,0.07272727272727272,0.53
11,0.16359835379480508,0.4613278911085567,0.09,0.1530156752828818,echo,0.09547738693467336,0.7876538230831499,0.6949531668318092,0.10018054119181638,12,155,0.0718562874251497,0.53
12,0.16420688895393742,0.4612755887506414,0.09,0.1530156752828818,echo,0.09547738693467336,0.7855986593250769,0.692878214845928,0.10598467739650373,12,158,0.07058823529411765,0.57
13,0.16485092503702345,0.46141312319727285,0.09,0.16348792774014237,echo,0.09547738693467336,0.7841501056405896,0.6921571064400076,0.11185681803866195,12,157,0.07100591715976332,0.57
14,0.1653288659857191,0.4614577035048826,0.09,0.16348792774014237,echo,0.09547738693467336,0.7831398841729136,0.6914782592343127,0.11696483558538194,12,158,0.07058823529411765,0.57
15,0.16475710215110514,0.4599602349005227,0.08,0.1643044619422572,echo,0.09547738693467336,0.7822977973047035,0.689347806838182,0.11882901055738657,12,159,0.07017543859649122,0.57
16,0.16484873007988152,0.459459115167099,0.08,0.1643044619422572,echo,0.09547738693467336,0.781787696145216,0.6881047890188755,0.12184726310786625,12,159,0.07017543859649122,0.57
17,0.16479559076991512,0.45893941050467196,0.08,0.1643044619422572,echo,0.09547738693467336,0.7813466465046569,0.6866919107971822,0.12437622066996604,12,161,0.06936416184971098,0.57
18,0.16477585970016012,0.45858990803732325,0.08,0.1643044619422572,echo,0.09547738693467336,0.7809420370858247,0.6857398488717759,0.12662033415410529,12,160,0.06976744186046512,0.57
19,0.1648204248761481,0.4583911744740853,0.08,0.1643044619422572,echo,0.09547738693467336,0.780419332603324,0.6848858342547208,0.12881324244491515,12,160,0.06976744186046512,0.57
20,0.1648740909663399,0.45827154033926304,0.08,0.1643044619422572,echo,0.09547738693467336,0.7799036508642899,0.6844017070590853,0.13070724018388277,12,159,0.07017543859649122,0.57
21,0.16483715044853842,0.4580648493403723,0.08,0.1643044619422572,echo,0.09547738693467336,0.7791631074083222,0.6838696146038001,0.13251127536159657,12,159,0.07017543859649122,0.57
22,0.16486854898359715,0.4579467059183082,0.08,0.1643044619422572,echo,0.09547738693467336,0.7785146848935485,0.6834554427077169,0.13423222490489983,12,161,0.06936416184971098,0.57
23,0.1649127084226131,0.4578654041040366,0.08,0.1643044619422572,echo,0.09547738693467336,0.77797176808344,0.6831066698340673,0.13588941457987935,12,160,0.06976744186046512,0.57
24,0.1648977633482559,0.45774211978917184,0.08,0.1643044619422572,echo,0.09547738693467336,0.7773358198935473,0.6827178685744344,0.13739658923357434,12,162,0.06896551724137931,0.57
25,0.16485269472097763,0.45761116051200296,0.08,0.1643044619422572,echo,0.09547738693467336,0.7768716345113659,0.682295753709179,0.13878382395342437,12,161,0.06936416184971098,0.57
26,0.16485482632155218,0.45753401911596375,0.08,0.1643044619422572,echo,0.09547738693467336,0.7763726132616953,0.6819816693787888,0.14017501855630415,12,161,0.06936416184971098,0.57
27,0.16484122117506902,0.4574575235210947,0.08,0.1643044619422572,echo,0.09547738693467336,0.7759002814847781,0.6816838884274441,0.141486360685892,12,160,0.06976744186046512,0.57
28,0.1648318408607311,0.4573876315552379,0.08,0.1669719009994245,echo,0.09547738693467336,0.775500760301162,0.6814183870226048,0.14272531757526652,12,161,0.06936416184971098,0.57
29,0.16479661341404,0.457291647956072,0.08,0.1669719009994245,echo,0.09547738693467336,0.7750845015514765,0.6810856019011813,0.14391574191989656,12,160,0.06976744186046512,0.57
30,0.16474453650455864,0.45718432902115025,0.08,0.1669719009994245,echo,0.09547738693467336,0.7747136944899145,0.6808009137841052,0.1450469116330505,12,161,0.06936416184971098,0.57
31,0.16471980680058212,0.45711394327641486,0.08,0.1669719009994245,echo,0.09547738693467336,0.774383349967894,0.6805686145830655,0.14611553894931045,12,158,0.07058823529411765,0.57
32,0.1646850396328298,0.4570349162100731,0.08,0.1669719009994245,echo,0.09547738693467336,0.7740131504799386,0.6803203125576558,0.14717952948528393,12,160,0.06976744186046512,0.57
33,0.16464831753768866,0.4569577800934306,0.08,0.1669719009994245,echo,0.09547738693467336,0.7737529871286525,0.6800867461166296,0.1481689159219053,12,159,0.07017543859649122,0.57
34,0.1646245264109121,0.45689662562191957,0.08,0.1643044619422572,echo,0.09547738693467336,0.773412615819145,0.6798199912904604,0.14917367885375926,12,160,0.06976744186046512,0.57
35,0.16459969358744694,0.4568379340815361,0.08,0.15436618729038268,echo,0.09547738693467336,0.7731820133050264,0.6796089660412657,0.15005532941537364,12,160,0.06976744186046512,0.57
36,0.16457350723346564,0.4567807735404687,0.08,0.14876091490790816,echo,0.09547738693467336,0.7729777718649362,0.6794088129374353,0.15092139735947635,12,161,0.06936416184971098,0.57
37,0.16454590627689913,0.4567242409814871,0.08,0.14499778073679534,echo,0.09547738693467336,0.7727567267474906,0.6791938914571374,0.1517847747231701,12,161,0.06936416184971098,0.57
38,0.1645272195115315,0.45667911048177984,0.08,0.14499778073679534,echo,0.09547738693467336,0.772557386352344,0.6790261590848167,0.15260825424239613,12,161,0.06936416184971098,0.57
39,0.16449092901527454,0.45661852934647584,0.08,0.14092547004887795,echo,0.09547738693467336,0.7724496031281399,0.678840922380112,0.153356584733672,12,160,0.06976744186046512,0.57
40,0.16447059938959982,0.45657550472033953,0.08,0.13899405083829106,echo,0.09547738693467336,0.7722822175751913,0.6787051028333598,0.15409306849678953,12,160,0.06976744186046512,0.57
41,0.16445575361624698,0.4565408898344365,0.08,0.12485799098471802,echo,0.09547738693467336,0.7721792188940831,0.6785496309381747,0.1548047034572479,12,161,0.06936416184971098,0.57
42,0.16442824500384817,0.45649458782853175,0.08,0.1281897665362365,echo,0.09547738693467336,0.772006800594395,0.6783964386543262,0.15548387102153213,12,162,0.06896551724137931,0.57
43,0.16440181638091134,0.4564500305813172,0.08,0.1263506481218658,echo,0.09547738693467336,0.771910465963177,0.6782538474229853,0.1561537712470516,12,160,0.06976744186046512,0.57
44,0.16437487446297097,0.4564073856271975,0.08,0.1263506481218658,echo,0.09547738693467336,0.7717741135739291,0.6781320863061516,0.15674605175556616,12,162,0.06896551724137931,0.57
45,0.16435365142062267,0.45637090502787714,0.08,0.13146608979467914,echo,0.09547738693467336,0.7716536780772543,0.6779959924417513,0.1573575865116599,12,161,0.06936416184971098,0.57
46,0.1643297493040914,0.45633315742856334,0.08,0.13146608979467914,echo,0.09547738693467336,0.7715377827925839,0.677889366585677,0.15791632647675855,12,160,0.06976744186046512,0.57
47,0.16431916188403775,0.4563102514194343,0.08,0.13146608979467914,echo,0.09547738693467336,0.771431463625731,0.6777812253251222,0.15847938988403248,12,161,0.06936416184971098,0.57
48,0.16430603789243622,0.45628572201512496,0.08,0.1213284699558457,echo,0.09547738693467336,0.7713612784951599,0.6776776329011024,0.15898055419993146,12,162,0.06896551724137931,0.57
49,0.16428309266347207,0.4562514490337945,0.08,0.1213284699558457,echo,0.09547738693467336,0.7712736145681887,0.6775569690904351,0.15948477084227253,12,162,0.06896551724137931,0.57
50,0.16427233422594514,0.4562307353361073,0.08,0.1213284699558457,echo,0.09547738693467336,0.7711521894299673,0.6774678965035525,0.159955862467776,12,161,0.06936416184971098,0.57
51,0.16425923386583866,0.45620824803792764,0.08,0.1213284699558457,echo,0.09547738693467336,0.771103172615331,0.6773801974679091,0.1604185493103106,12,161,0.06936416184971098,0.57
52,0.16424702606944608,0.45618707955431803,0.08,0.1213284699558457,echo,0.09547738693467336,0.7710041784590898,0.677291157026972,0.16087639557227632,12,161,0.06936416184971098,0.57
53,0.16422604400656757,0.4561575038339475,0.08,0.1213284699558457,echo,0.09547738693467336,0.7709633776268563,0.6772062627236304,0.16129307186888286,12,159,0.07017543859649122,0.57
54,0.1642121207251106,0.45613615862895945,0.08,0.1213284699558457,echo,0.09547738693467336,0.7709060382294196,0.6771202291848257,0.16169580534193165,12,161,0.06936416184971098,0.57
55,0.16420025653521533,0.4561170991379614,0.08,0.1213284699558457,echo,0.09547738693467336,0.7708367792603138,0.6770531299195747,0.16208719341435582,12,160,0.06976744186046512,0.57
56,0.16418860739164326,0.4560987053158221,0.08,0.10549667719373021,echo,0.09547738693467336,0.7707885974578141,0.6769920116107356,0.16245734899798048,12,160,0.06976744186046512,0.57
57,0.16417819311378806,0.4560821957793179,0.08,0.10462068156031142,echo,0.09547738693467336,0.7707024047166947,0.6769213940612526,0.1628022475161619,12,161,0.06936416184971098,0.57
58,0.16416706436851317,0.4560651820400281,0.08,0.10462068156031142,echo,0.09547738693467336,0.7706643659472013,0.6768511081677758,0.16314670683244853,12,162,0.06896551724137931,0.57
59,0.16415252856475607,0.4560450707768745,0.08,0.09061391377547952,echo,0.09547738693467336,0.770619286313412,0.6767978587467165,0.16347199476417346,12,162,0.06896551724137931,0.57
60,0.16414196296563544,0.4560293867831525,0.08,0.06584311303273623,echo,0.09547738693467336,0.7705855608593307,0.6767399600476632,0.16378757162735635,12,161,0.06936416184971098,0.57
61,0.164134074875658,0.45601677926881223,0.08,0.06584311303273623,echo,0.09547738693467336,0.7705463896291812,0.6766968949175202,0.16409389860500156,12,161,0.06936416184971098,0.57
62,0.16412666904776155,0.45600501581670977,0.08,0.05457167702390303,echo,0.09547738693467336,0.770505327946761,0.6766324149693838,0.1643782720039448,12,159,0.07017543859649122,0.57
63,0.1641169138920802,0.4559908792962139,0.08,0.05457167702390303,echo,0.09547738693467336,0.7704535483612779,0.6765877337070708,0.164664193569868,12,160,0.06976744186046512,0.57
64,0.1641108407978562,0.4559809314053823,0.08,0.05457167702390303,echo,0.09547738693467336,0.7704318834678666,0.6765468143692419,0.16492681518521285,12,160,0.06976744186046512,0.57
65,0.16410244846822183,0.45596883231776814,0.08,0.05457167702390303,echo,0.09547738693467336,0.7703887998346438,0.6764952782605882,0.16518223262215725,12,161,0.06936416184971098,0.57
66,0.16409496374049978,0.4559578800823261,0.08,0.05457167702390303,echo,0.09547738693467336,0.7703814459261831,0.6764601680493275,0.16542756312620577,12,160,0.06976744186046512,0.57
67,0.1640887284541522,0.45594843969927745,0.08,0.05457167702390303,echo,0.09547738693467336,0.7703373241246028,0.6764267179965859,0.16567173033968208,12,162,0.06896551724137931,0.57
68,0.16408305052123123,0.455939860573793,0.08,0.05457167702390303,echo,0.09547738693467336,0.7703336373354955,0.6763898680621946,0.16589348012578034,12,162,0.06896551724137931,0.57
69,0.1640761686240923,0.4559300198348763,0.08,0.05457167702390303,echo,0.09547738693467336,0.7702928341217011,0.6763553727668297,0.16611389204330435,12,159,0.07017543859649122,0.57
70,0.16407093288265845,0.455922047071859,0.08,0.05457167702390303,echo,0.09547738693467336,0.7702629377130847,0.6763227922003956,0.16632412030715055,12,160,0.06976744186046512,0.57
71,0.16406510687440135,0.45591370500244105,0.08,0.05457167702390303,echo,0.09547738693467336,0.7702522862365175,0.6762943404955852,0.16652859218334917,12,160,0.06976744186046512,0.57
72,0.16405600638668616,0.45590206830465285,0.08,0.05457167702390303,echo,0.09547738693467336,0.7702377499089403,0.6762644211944916,0.16671748069629305,12,161,0.06936416184971098,0.57
73,0.16405410913357638,0.45589804944428663,0.08,0.05457167702390303,echo,0.09547738693467336,0.7702079315424235,0.6762356440391308,0.16690215161338084,12,162,0.06896551724137931,0.57
74,0.16405320404828974,0.4558952596978701,0.08,0.05457167702390303,echo,0.09547738693467336,0.7702063208470091,0.676213256531077,0.1670801407167194,12,160,0.06976744186046512,0.57
75,0.16404641061435973,0.45588637051629965,0.08,0.05457167702390303,echo,0.09547738693467336,0.7701902550635298,0.6761847198686898,0.1672547444856402,12,160,0.06976744186046512,0.57
76,0.16404359683134861,0.4558816984216396,0.08,0.05457167702390303,echo,0.09547738693467336,0.7701678163314781,0.6761634484441569,0.167425779790994,12,160,0.06976744186046512,0.57
77,0.16404028512387775,0.45587664437819486,0.08,0.05457167702390303,echo,0.09547738693467336,0.7701515965407015,0.6761403974440047,0.16758349567942332,12,162,0.06896551724137931,0.57
78,0.16403437961028783,0.4558690192369293,0.08,0.05457167702390303,echo,0.09547738693467336,0.7701330340233365,0.676114093735106,0.16774205985545593,12,160,0.06976744186046512,0.57
79,0.1640305860923372,0.4558636684804815,0.08,0.05457167702390303,echo,0.09547738693467336,0.7701305610523996,0.6760950555227353,0.1678858999257019,12,161,0.06936416184971098,0.57
80,0.16402804213314134,0.45585965118765875,0.08,0.05457167702390303,echo,0.09547738693467336,0.770109111493308,0.6760792384942444,0.16802978844915553,12,160,0.06976744186046512,0.57
81,0.16402439433986604,0.4558545621421258,0.08,0.05457167702390303,echo,0.09547738693467336,0.7701065877795156,0.6760615892705044,0.16817735109242055,12,160,0.06976744186046512,0.57
82,0.16402184548993037,0.45585076457916074,0.08,0.05457167702390303,echo,0.09547738693467336,0.7700868157144254,0.6760418429807163,0.1683032361745903,12,162,0.06896551724137931,0.57
83,0.1640186128066129,0.45584625720138083,0.08,0.05457167702390303,echo,0.09547738693467336,0.7700837248634609,0.6760245109445958,0.16843710939997916,12,161,0.06936416184971098,0.57
84,0.16401592249860944,0.4558424010200758,0.08,0.05457167702390303,echo,0.09547738693467336,0.7700715473509495,0.6760082141396488,0.1685575485448072,12,161,0.06936416184971098,0.57
85,0.16401200956924802,0.45583731457171617,0.08,0.05457167702390303,echo,0.09547738693467336,0.7700619653877862,0.6759960642974226,0.16867851296191455,12,161,0.06936416184971098,0.57
86,0.1640119949315333,0.45583637075164946,0.08,0.05457167702390303,echo,0.09547738693467336,0.77004733059116,0.6759864545050932,0.16879044120637016,12,159,0.07017543859649122,0.57
87,0.16400874261937262,0.4558320592592664,0.08,0.05457167702390303,echo,0.09547738693467336,0.7700413485725737,0.6759722847444902,0.16890684286915175,12,160,0.06976744186046512,0.57
88,0.16400626692516554,0.4558286466500362,0.08,0.05457167702390303,echo,0.09547738693467336,0.7700405989417689,0.6759584103270572,0.1690140177603805,12,160,0.06976744186046512,0.57
89,0.16400359606899792,0.4558250775872009,0.08,0.05457167702390303,echo,0.09547738693467336,0.7700312346427506,0.675943653325118,0.16911476494688943,12,160,0.06976744186046512,0.57
90,0.16400128631516875,0.45582194708310914,0.08,0.05457167702390303,echo,0.09547738693467336,0.7700251997370139,0.6759319105481538,0.16921111943396572,12,160,0.06976744186046512,0.57
91,0.16399925736018964,0.45581910152711363,0.08,0.05457167702390303,echo,0.09547738693467336,0.7700166434288781,0.6759223156759444,0.16931044105268692,12,159,0.07017543859649122,0.57
92,0.16399836384393476,0.45581749425898993,0.08,0.05457167702390303,echo,0.09547738693467336,0.7700126934623436,0.6759127136693566,0.16940428153111858,12,160,0.06976744186046512,0.57
93,0.16399610278774587,0.4558145371529296,0.08,0.05457167702390303,echo,0.09547738693467336,0.7700102875720874,0.6759011922471635,0.1694893916586716,12,161,0.06936416184971098,0.57
94,0.1639954661629494,0.4558132548415063,0.08,0.05457167702390303,echo,0.09547738693467336,0.7700077255283495,0.6758909475955149,0.16957618827576365,12,160,0.06976744186046512,0.57
95,0.16399355409501812,0.45581067808794884,0.08,0.05457167702390303,echo,0.09547738693467336,0.7699996504145448,0.6758823307709505,0.16966199522548714,12,160,0.06976744186046512,0.57
96,0.16399274783093265,0.4558093332369629,0.08,0.05457167702390303,echo,0.09547738693467336,0.7699996923422427,0.6758741882209404,0.16973871695801493,12,162,0.06896551724137931,0.57
97,0.1639908753125939,0.4558068682619644,0.08,0.05457167702390303,echo,0.09547738693467336,0.7699937416505852,0.6758621240766437,0.16981656585957108,12,161,0.06936416184971098,0.57
98,0.16398808959296876,0.45580347853313535,0.08,0.05457167702390303,echo,0.09547738693467336,0.7699935354411173,0.6758516117100332,0.16989422131933093,12,161,0.06936416184971098,0.57
99,0.16398947732354188,0.45580449198425227,0.08,0.05457167702390303,echo,0.09547738693467336,0.7699830886290707,0.6758449493275485,0.16996406301994027,12,162,0.06896551724137931,0.57
100,0.16398757784369336,0.4558020788054755,0.08,0.05457167702390303,echo,0.09547738693467336,0.7699805541917492,0.6758363006795831,0.17003370635313414,12,161,0.06936416184971098,0.57
101,0.16398685409838312,0.45580092778026915,0.08,0.05457167702390303,echo,0.09547738693467336,0.7699795194713022,0.6758301185167602,0.17010239398075067,12,161,0.06936416184971098,0.57
102,0.1639847992750349,0.45579840148635964,0.08,0.05457167702390303,echo,0.09547738693467336,0.7699790886773767,0.6758225534749179,0.17016858620496148,12,160,0.06976744186046512,0.57
103,0.16398307302125237,0.45579623526385726,0.08,0.05457167702390303,echo,0.09547738693467336,0.769980213044362,0.6758161973677785,0.17022815787689183,12,159,0.07017543859649122,0.57
104,0.16398196834628323,0.45579473843380164,0.08,0.05457167702390303,echo,0.09547738693467336,0.7699712276344618,0.6758082612145453,0.17028988305753223,12,160,0.06976744186046512,0.57
105,0.16398177378898768,0.45579422218874305,0.08,0.05457167702390303,echo,0.09547738693467336,0.7699671667992888,0.6758009800585598,0.1703468886279291,12,161,0.06936416184971098,0.57
106,0.16398113258893945,0.4557932365731548,0.08,0.05457167702390303,echo,0.09547738693467336,0.7699646711477868,0.6757939505995528,0.17040381065633387,12,161,0.06936416184971098,0.57
107,0.16398113722269408,0.45579295828550287,0.08,0.05457167702390303,echo,0.09547738693467336,0.7699646582627198,0.6757870633285469,0.17045973786266988,12,162,0.06896551724137931,0.57
108,0.16398026299166893,0.4557917693476291,0.08,0.05457167702390303,echo,0.09547738693467336,0.7699684762967777,0.6757832623441345,0.17051275631020402,12,161,0.06936416184971098,0.57
109,0.163980158102007,0.45579140037158183,0.08,0.05457167702390303,echo,0.09547738693467336,0.7699633796630618,0.6757762660822071,0.1705630520558113,12,160,0.06976744186046512,0.57
110,0.1639791802063716,0.4557901344905737,0.08,0.05457167702390303,echo,0.09547738693467336,0.7699636951564862,0.675769291381465,0.17061280860076755,12,160,0.06976744186046512,0.57
111,0.1639776618505203,0.4557883126419879,0.08,0.05457167702390303,echo,0.09547738693467336,0.7699613529748963,0.6757631202469566,0.17066311679813023,12,160,0.06976744186046512,0.57
112,0.16397745981161058,0.4557878815688781,0.08,0.05457167702390303,echo,0.09547738693467336,0.7699615970987347,0.6757575333137315,0.17070725819642896,12,162,0.06896551724137931,0.57
113,0.16397607050492913,0.4557862241042593,0.08,0.05457167702390303,echo,0.09547738693467336,0.769961772548394,0.6757523278083875,0.17075387811341142,12,160,0.06976744186046512,0.57
114,0.1639753237144684,0.4557852472656465,0.08,0.05457167702390303,echo,0.09547738693467336,0.7699577186477896,0.6757489790455021,0.1707970012742318,12,162,0.06896551724137931,0.57
115,0.16397510270523136,0.4557848273033111,0.08,0.05457167702390303,echo,0.09547738693467336,0.7699607712294303,0.6757443419351464,0.170840429156906,12,159,0.07017543859649122,0.57
116,0.1639752388266008,0.45578479435768515,0.08,0.05457167702390303,echo,0.09547738693467336,0.7699600751055694,0.6757417000013857,0.17088022866482339,12,162,0.06896551724137931,0.57
117,0.1639751216103449,0.45578450595795866,0.08,0.05457167702390303,echo,0.09547738693467336,0.7699562612800414,0.6757371095739101,0.17091800150615888,12,161,0.06936416184971098,0.57
118,0.16397463668165202,0.4557838445168592,0.08,0.05457167702390303,echo,0.09547738693467336,0.7699579561419196,0.6757333669468848,0.17095658824552956,12,160,0.06976744186046512,0.57
119,0.16397407153170676,0.4557831034156821,0.08,0.05457167702390303,echo,0.09547738693467336,0.7699523154912747,0.675728594470658,0.17099531309631674,12,161,0.06936416184971098,0.57
120,0.16397310721691558,0.45578195385226733,0.08,0.05457167702390303,echo,0.09547738693467336,0.7699508416183474,0.6757238061555815,0.17103138193376716,12,162,0.06896551724137931,0.57
121,0.16397342857071448,0.4557821566256117,0.08,0.05457167702390303,echo,0.09547738693467336,0.7699513717481472,0.6757203043612197,0.17106679228782556,12,161,0.06936416184971098,0.57
122,0.16397251642866034,0.4557810773576336,0.08,0.05457167702390303,echo,0.09547738693467336,0.7699523424487643,0.6757162433103198,0.17110183446435323,12,161,0.06936416184971098,0.57
123,0.16397239809168856,0.4557808319641998,0.08,0.05457167702390303,echo,0.09547738693467336,0.7699519026905439,0.6757125882918135,0.1711329029883678,12,160,0.06976744186046512,0.57
124,0.16397246309860342,0.45578078411746453,0.08,0.05457167702390303,echo,0.09547738693467336,0.7699507832430476,0.6757109214651658,0.17116581111204893,12,161,0.06936416184971098,0.57
125,0.16397152196144726,0.4557796935534579,0.08,0.05457167702390303,echo,0.09547738693467336,0.7699506390388808,0.6757067159736416,0.1711980858904803,12,159,0.07017543859649122,0.57
126,0.1639717795770982,0.4557798615755293,0.08,0.05457167702390303,echo,0.09547738693467336,0.7699495602622439,0.6757033553251875,0.1712272513969924,12,158,0.07058823529411765,0.57
127,0.1639714755579034,0.4557794455565945,0.08,0.05457167702390303,echo,0.09547738693467336,0.7699484053754574,0.6757003520795483,0.17125577186441804,12,159,0.07017543859649122,0.57
128,0.1639712558635362,0.45577912640065327,0.08,0.05457167702390303,echo,0.09547738693467336,0.7699474462278806,0.6756977751378481,0.17128297294217773,12,161,0.06936416184971098,0.57
129,0.16397105724852346,0.4557788331395233,0.08,0.05457167702390303,echo,0.09547738693467336,0.7699497737318505,0.6756946496878202,0.17131046319359874,12,161,0.06936416184971098,0.57
130,0.16397072158724946,0.45577840055616037,0.08,0.05457167702390303,echo,0.09547738693467336,0.76994770988326,0.6756923277689693,0.17133828045813326,12,158,0.07058823529411765,0.57
131,0.16397059573341946,0.45577819471382,0.08,0.05457167702390303,echo,0.09547738693467336,0.7699473792299023,0.6756902117724689,0.1713628983118319,12,159,0.07017543859649122,0.57
132,0.16397016421901164,0.4557776707441793,0.08,0.05457167702390303,echo,0.09547738693467336,0.7699485298649392,0.6756866885806677,0.17138734109972742,12,160,0.06976744186046512,0.57
133,0.16397034749785935,0.45577779266554125,0.08,0.05457167702390303,echo,0.09547738693467336,0.769947121447533,0.6756844830766936,0.17141091464783834,12,161,0.06936416184971098,0.57
134,0.16397021221458574,0.45577758491877574,0.08,0.05457167702390303,echo,0.09547738693467336,0.769949117095713,0.6756821363562117,0.1714332509540794,12,162,0.06896551724137931,0.57
135,0.16396998154705436,0.45577728171498605,0.08,0.05457167702390303,echo,0.09547738693467336,0.7699465401798665,0.6756797377146182,0.1714549066687619,12,160,0.06976744186046512,0.57
136,0.1639697094387418,0.45577694033752236,0.08,0.05457167702390303,echo,0.09547738693467336,0.7699472157187782,0.675677053832775,0.17147832082421932,12,161,0.06936416184971098,0.57
137,0.16396943182313828,0.4557765940508841,0.08,0.05457167702390303,echo,0.09547738693467336,0.769946711292264,0.6756747768504774,0.17149999316341846,12,161,0.06936416184971098,0.57
138,0.16396944956637635,0.45577655856214294,0.08,0.05457167702390303,echo,0.09547738693467336,0.7699479052547998,0.6756722170742552,0.17152063261592865,12,160,0.06976744186046512,0.57
139,0.16396970101451688,0.45577677223627944,0.08,0.05457167702390303,echo,0.09547738693467336,0.7699482948952848,0.6756699089708902,0.17153917025144758,12,160,0.06976744186046512,0.57
140,0.16396936068399984,0.45577636883469397,0.08,0.05457167702390303,echo,0.09547738693467336,0.7699492086528804,0.6756681919523722,0.17155889318076895,12,160,0.06976744186046512,0.57
141,0.16396926552011093,0.4557762253680292,0.08,0.05457167702390303,echo,0.09547738693467336,0.7699460904074881,0.6756663579551473,0.17157748225897634,12,160,0.06976744186046512,0.57
142,0.16396946247526933,0.45577638818801225,0.08,0.05457167702390303,echo,0.09547738693467336,0.7699449992336104,0.6756649149142171,0.17159602384919392,12,159,0.07017543859649122,0.57
143,0.1639691992274658,0.45577607365493866,0.08,0.05457167702390303,echo,0.09547738693467336,0.7699446509412933,0.6756629824208539,0.17161367053342064,12,160,0.06976744186046512,0.57
144,0.16396883929202702,0.45577565887169214,0.08,0.05457167702390303,echo,0.09547738693467336,0.7699462828762743,0.6756607002715798,0.1716305961578648,12,160,0.06976744186046512,0.57
145,0.1639685097757132,0.45577527909660953,0.08,0.05457167702390303,echo,0.09547738693467336,0.7699475113549658,0.6756589958837912,0.1716466131228772,12,161,0.06936416184971098,0.57
146,0.16396890436483333,0.4557756573082197,0.08,0.05457167702390303,echo,0.09547738693467336,0.769948909141897,0.6756582765592741,0.1716630048250096,12,160,0.06976744186046512,0.57
147,0.16396885353679416,0.45577557174247985,0.08,0.05457167702390303,echo,0.09547738693467336,0.7699491857958511,0.6756573763879394,0.1716783629386538,12,158,0.07058823529411765,0.57
148,0.16396900147908794,0.45577569530349094,0.08,0.05457167702390303,echo,0.09547738693467336,0.7699487010448012,0.6756555836462027,0.171692999080163,12,160,0.06976744186046512,0.57
149,0.16396896112552276,0.4557756241054613,0.08,0.05457167702390303,echo,0.09547738693467336,0.7699479654850161,0.6756545351556175,0.17170772675117701,12,160,0.06976744186046512,0.57
150,0.16396883781233051,0.4557754679177634,0.08,0.05457167702390303,echo,0.09547738693467336,0.7699472610141317,0.6756525661915349,0.1717218927628169,12,161,0.06936416184971098,0.57
151,0.16396846931775827,0.45577505656230577,0.08,0.05457167702390303,echo,0.09547738693467336,0.7699471036156659,0.675650672918107,0.17173615916888002,12,160,0.06976744186046512,0.57
152,0.16396832049577015,0.45577487642553643,0.08,0.05457167702390303,echo,0.09547738693467336,0.7699468179702045,0.6756490653774452,0.1717493261608846,12,160,0.06976744186046512,0.57
153,0.16396850002356447,0.45577504091675586,0.08,0.05457167702390303,echo,0.09547738693467336,0.769948232953777,0.6756479980713554,0.17176219379700577,12,159,0.07017543859649122,0.57
154,0.16396848685135204,0.45577500517717384,0.08,0.05457167702390303,echo,0.09547738693467336,0.7699484182715766,0.6756471124221095,0.17177462232489504,12,161,0.06936416184971098,0.57
155,0.16396820430240983,0.45577468876511945,0.08,0.05457167702390303,echo,0.09547738693467336,0.7699471792430844,0.6756456553894604,0.17178724665981232,12,161,0.06936416184971098,0.57
156,0.16396815287226432,0.4557746156588436,0.08,0.05457167702390303,echo,0.09547738693467336,0.7699476549091736,0.6756438189070222,0.1717988462478603,12,160,0.06976744186046512,0.57
157,0.16396813927765233,0.4557745831547671,0.08,0.05457167702390303,echo,0.09547738693467336,0.7699486616541273,0.6756432141981763,0.1718103910824591,12,160,0.06976744186046512,0.57
158,0.16396825595006048,0.45577468703312085,0.08,0.05457167702390303,echo,0.09547738693467336,0.7699490313409258,0.6756418689543999,0.17182161828327333,12,162,0.06896551724137931,0.57
159,0.16396826293494443,0.45577467764674295,0.08,0.05457167702390303,echo,0.09547738693467336,0.7699492460197961,0.6756408929707943,0.17183258018569114,12,160,0.06976744186046512,0.57
160,0.1639683776037396,0.4557747815912757,0.08,0.05457167702390303,echo,0.09547738693467336,0.7699480132427939,0.6756399074185474,0.17184339389030379,12,160,0.06976744186046512,0.57
161,0.16396830998715037,0.4557746959000276,0.08,0.05457167702390303,echo,0.09547738693467336,0.7699485904492923,0.6756389130631756,0.1718538702159762,12,162,0.06896551724137931,0.57
162,0.16396820244263122,0.45577456946618944,0.08,0.05457167702390303,echo,0.09547738693467336,0.769949079978983,0.6756378057100659,0.17186397575563941,12,161,0.06936416184971098,0.57
163,0.16396817742017042,0.4557745297758099,0.08,0.05457167702390303,echo,0.09547738693467336,0.7699494303034747,0.6756370557630299,0.17187375027641544,12,158,0.07058823529411765,0.57
164,0.16396812733725696,0.45577446510627745,0.08,0.05457167702390303,echo,0.09547738693467336,0.7699487045631755,0.6756359576795266,0.1718833972033902,12,160,0.06976744186046512,0.57
165,0.16396812393214347,0.45577444935225964,0.08,0.05457167702390303,echo,0.09547738693467336,0.769947689413488,0.6756347863433757,0.17189260336720708,12,162,0.06896551724137931,0.57
166,0.1639680811608797,0.4557743933389435,0.08,0.05457167702390303,echo,0.09547738693467336,0.7699473625053987,0.6756338087654774,0.17190165907664115,12,159,0.07017543859649122,0.57
167,0.16396810028426173,0.45577440226021165,0.08,0.05457167702390303,echo,0.09547738693467336,0.7699478215767606,0.6756328994724734,0.17191033172468045,12,160,0.06976744186046512,0.57
168,0.16396799038648646,0.4557742773768282,0.08,0.05457167702390303,echo,0.09547738693467336,0.7699481639869652,0.6756321991577284,0.1719187054637234,12,159,0.07017543859649122,0.57
169,0.16396785659680957,0.4557741279862788,0.08,0.05457167702390303,echo,0.09547738693467336,0.7699479683272669,0.6756310991332655,0.17192739392789785,12,161,0.06936416184971098,0.57
170,0.16396783413169988,0.4557740952777049,0.08,0.05457167702390303,echo,0.09547738693467336,0.7699480413014105,0.6756306348751071,0.17193502664424437,12,159,0.07017543859649122,0.57
171,0.16396788135678375,0.4557741357236692,0.08,0.05457167702390303,echo,0.09547738693467336,0.7699479856078623,0.6756298652963283,0.17194270033780717,12,160,0.06976744186046512,0.57
172,0.1639679441259213,0.4557741930779263,0.08,0.05457167702390303,echo,0.09547738693467336,0.7699476881433535,0.6756289447345682,0.1719500355696273,12,161,0.06936416184971098,0.57
173,0.16396799675497425,0.4557742402331635,0.08,0.05457167702390303,echo,0.09547738693467336,0.769947974792078,0.6756284089045731,0.17195753764007127,12,160,0.06976744186046512,0.57
174,0.16396788648249352,0.4557741177051446,0.08,0.05457167702390303,echo,0.09547738693467336,0.7699484520794235,0.675627699075952,0.1719644215243012,12,160,0.06976744186046512,0.57
175,0.1639677348114251,0.45577395237918167,0.08,0.05457167702390303,echo,0.09547738693467336,0.7699482425978658,0.6756266881117653,0.1719713677036559,12,160,0.06976744186046512,0.57
176,0.1639678767084046,0.45577409413679076,0.08,0.05457167702390303,echo,0.09547738693467336,0.7699479621918608,0.6756264956752639,0.17197764387611983,12,160,0.06976744186046512,0.57
177,0.16396786310780823,0.4557740735335539,0.08,0.05457167702390303,echo,0.09547738693467336,0.7699480154677503,0.6756259457721288,0.17198399391823926,12,160,0.06976744186046512,0.57
178,0.1639678113138337,0.45577401344977175,0.08,0.05457167702390303,echo,0.09547738693467336,0.769948291366974,0.6756250060415019,0.17199038477696732,12,160,0.06976744186046512,0.57
179,0.16396780717919654,0.45577400358527276,0.08,0.05457167702390303,echo,0.09547738693467336,0.7699485812702073,0.6756243750713842,0.17199643463470735,12,160,0.06976744186046512,0.57
180,0.16396794912625828,0.4557741466082498,0.08,0.05457167702390303,echo,0.09547738693467336,0.7699486343666794,0.67562402232443,0.17200217910784446,12,160,0.06976744186046512,0.57
181,0.16396796444988862,0.4557741575654079,0.08,0.05457167702390303,echo,0.09547738693467336,0.7699491340047101,0.6756234381735947,0.1720079712242395,12,160,0.06976744186046512,0.57
182,0.16396795695292862,0.4557741448706447,0.08,0.05457167702390303,echo,0.09547738693467336,0.7699486568353543,0.6756229909648549,0.17201345395282125,12,159,0.07017543859649122,0.57
183,0.16396800817635016,0.4557741939344585,0.08,0.05457167702390303,echo,0.09547738693467336,0.7699485942286114,0.6756223968173369,0.17201868144474763,12,161,0.06936416184971098,0.57
184,0.16396786510855763,0.45577404024611895,0.08,0.05457167702390303,echo,0.09547738693467336,0.7699486048508575,0.6756216475260475,0.172024288335196,12,160,0.06976744186046512,0.57
185,0.16396790071379164,0.45577407341299847,0.08,0.05457167702390303,echo,0.09547738693467336,0.7699481762319706,0.675621158819029,0.17202922004031865,12,160,0.06976744186046512,0.57
186,0.1639679109995933,0.4557740802773443,0.08,0.05457167702390303,echo,0.09547738693467336,0.769948185568108,0.6756208044341542,0.17203448813757527,12,160,0.06976744186046512,0.57
187,0.1639680133682824,0.4557741836117329,0.08,0.05457167702390303,echo,0.09547738693467336,0.7699484650520739,0.6756204373448663,0.1720392171644822,12,161,0.06936416184971098,0.57
188,0.1639680388287125,0.45577420675771363,0.08,0.05457167702390303,echo,0.09547738693467336,0.7699487284721125,0.6756198624533393,0.17204408028328066,12,160,0.06976744186046512,0.57
189,0.163968083599909,0.4557742503384085,0.08,0.05457167702390303,echo,0.09547738693467336,0.7699489784947326,0.6756195544372857,0.1720485060346182,12,162,0.06896551724137931,0.57
190,0.1639681101255125,0.4557742749240351,0.08,0.05457167702390303,echo,0.09547738693467336,0.7699487795563605,0.6756190391540182,0.17205298343117365,12,160,0.06976744186046512,0.57
191,0.1639681469533877,0.45577431045276806,0.08,0.05457167702390303,echo,0.09547738693467336,0.7699493910724918,0.675618647428855,0.17205715715828976,12,161,0.06936416184971098,0.57
192,0.1639680758976527,0.4557742334733018,0.08,0.05457167702390303,echo,0.09547738693467336,0.7699496115354622,0.6756183752800217,0.17206138199047455,12,161,0.06936416184971098,0.57
193,0.1639680347273295,0.45577418789509316,0.08,0.05457167702390303,echo,0.09547738693467336,0.7699495155498741,0.6756177575930633,0.17206566675481888,12,161,0.06936416184971098,0.57
194,0.16396804994666783,0.45577420136046826,0.08,0.05457167702390303,echo,0.09547738693467336,0.7699494563309228,0.6756172401411159,0.1720695996305618,12,160,0.06976744186046512,0.57
195,0.16396808309593666,0.45577423355086727,0.08,0.05457167702390303,echo,0.09547738693467336,0.7699493138735763,0.6756170789690118,0.17207356873295063,12,160,0.06976744186046512,0.57
196,0.16396807437718472,0.4557742221726508,0.08,0.05457167702390303,echo,0.09547738693467336,0.7699494881429559,0.675616571832826,0.17207744626951665,12,162,0.06896551724137931,0.57
197,0.16396803447289815,0.45577417848187024,0.08,0.05457167702390303,echo,0.09547738693467336,0.7699495362779986,0.6756161245938727,0.1720812088303152,12,161,0.06936416184971098,0.57
198,0.1639681523750281,0.45577429966799443,0.08,0.05457167702390303,echo,0.09547738693467336,0.7699497232613889,0.6756158788021075,0.17208460721808272,12,158,0.07058823529411765,0.57
199,0.16396815474516302,0.4557743002602852,0.08,0.05457167702390303,echo,0.09547738693467336,0.7699495407003564,0.675615504679638,0.17208816103228258,12,160,0.06976744186046512,0.57
200,0.1639680872474677,0.4557742279671288,0.08,0.05457167702390303,echo,0.09547738693467336,0.7699498416082684,0.6756152112906618,0.17209167985194024,12,161,0.06936416184971098,0.57
201,0.16396810111050567,0.4557742407318227,0.08,0.05457167702390303,echo,0.09547738693467336,0.7699500140052765,0.6756149630120011,0.17209479896006588,12,161,0.06936416184971098,0.57
202,0.16396816328592123,0.45577430406973635,0.08,0.05457167702390303,echo,0.09547738693467336,0.7699496919662016,0.675614560488862,0.17209805944231749,12,161,0.06936416184971098,0.57
203,0.1639681703758362,0.4557743099744965,0.08,0.05457167702390303,echo,0.09547738693467336,0.769950270349558,0.6756145031672612,0.17210105469668466,12,161,0.06936416184971098,0.57
204,0.16396819341206703,0.4557743325938244,0.08,0.05457167702390303,echo,0.09547738693467336,0.7699500410802562,0.6756141575363673,0.17210388964679335,12,159,0.07017543859649122,0.57
205,0.16396819746865596,0.4557743354321006,0.08,0.05457167702390303,echo,0.09547738693467336,0.7699502613625551,0.6756138146461471,0.17210687239086414,12,162,0.06896551724137931,0.57
206,0.16396820424099398,0.4557743412754966,0.08,0.05457167702390303,echo,0.09547738693467336,0.7699500765183038,0.6756136305861137,0.17210966773627645,12,158,0.07058823529411765,0.57
207,0.16396822557695287,0.4557743623592665,0.08,0.05457167702390303,echo,0.09547738693467336,0.7699502106548547,0.6756133960650179,0.17211240630109806,12,161,0.06936416184971098,0.57
208,0.16396820379101726,0.4557743384782569,0.08,0.05457167702390303,echo,0.09547738693467336,0.7699503090576724,0.6756130918393974,0.17211520810522382,12,160,0.06976744186046512,0.57
209,0.1639682010378439,0.4557743345036678,0.08,0.05457167702390303,echo,0.09547738693467336,0.7699501660141632,0.6756129158986081,0.17211780799762,12,161,0.06936416184971098,0.57
210,0.16396822064498162,0.4557743539281451,0.08,0.05457167702390303,echo,0.09547738693467336,0.7699500058720261,0.6756124457652083,0.1721203738238451,12,160,0.06976744186046512,0.57
211,0.16396829354092965,0.4557744290918272,0.08,0.05457167702390303,echo,0.09547738693467336,0.7699501166128703,0.6756123293611888,0.17212280308746492,12,159,0.07017543859649122,0.57
212,0.16396819913211977,0.4557743295905041,0.08,0.05457167702390303,echo,0.09547738693467336,0.769950422463262,0.675612069540963,0.17212524616100605,12,161,0.06936416184971098,0.57
213,0.16396820844857093,0.45577433843070386,0.08,0.05457167702390303,echo,0.09547738693467336,0.7699501403271403,0.675611792700884,0.17212761335175158,12,162,0.06896551724137931,0.57
214,0.1639681782872654,0.4557743061039938,0.08,0.05457167702390303,echo,0.09547738693467336,0.7699500997380813,0.6756115902339926,0.1721298387640221,12,160,0.06976744186046512,0.57
215,0.16396812164325797,0.45577424618246065,0.08,0.05457167702390303,echo,0.09547738693467336,0.7699500637518139,0.6756112383639442,0.17213205665555908,12,159,0.07017543859649122,0.57
216,0.16396818884712297,0.45577431561253234,0.08,0.05457167702390303,echo,0.09547738693467336,0.769950169948826,0.6756111430569759,0.17213416574794005,12,162,0.06896551724137931,0.57
217,0.16396811722720261,0.45577424014482665,0.08,0.05457167702390303,echo,0.09547738693467336,0.7699500868042239,0.6756109047277445,0.17213628607665699,12,159,0.07017543859649122,0.57
218,0.1639681560853788,0.45577428004894477,0.08,0.05457167702390303,echo,0.09547738693467336,0.7699501047429801,0.6756106433854392,0.17213824680827844,12,161,0.06936416184971098,0.57
219,0.16396814176842495,0.4557742644602044,0.08,0.05457167702390303,echo,0.09547738693467336,0.7699503920063205,0.6756104957867384,0.17214032812354207,12,160,0.06976744186046512,0.57
220,0.16396815910604026,0.45577428197614045,0.08,0.05457167702390303,echo,0.09547738693467336,0.7699502858552427,0.6756103030991151,0.17214237992326004,12,161,0.06936416184971098,0.57
221,0.16396819865937412,0.45577432273401947,0.08,0.05457167702390303,echo,0.09547738693467336,0.7699502155697332,0.6756101504688565,0.17214405728014398,12,162,0.06896551724137931,0.57
222,0.16396819298132076,0.4557743162629789,0.08,0.05457167702390303,echo,0.09547738693467336,0.7699505484382617,0.6756099873856551,0.17214591462992307,12,160,0.06976744186046512,0.57
223,0.16396818088602372,0.45577430311731254,0.08,0.05457167702390303,echo,0.09547738693467336,0.7699504499929789,0.6756097656438275,0.17214784857017384,12,159,0.07017543859649122,0.57
224,0.16396823950430955,0.45577436386365283,0.08,0.05457167702390303,echo,0.09547738693467336,0.7699504706642571,0.6756096846735107,0.17214949597677753,12,160,0.06976744186046512,0.57
225,0.16396821790306365,0.45577434086089347,0.08,0.05457167702390303,echo,0.09547738693467336,0.7699504416552131,0.6756095185127432,0.1721511386763339,12,160,0.06976744186046512,0.57
226,0.163968204440202,0.45577432636790394,0.08,0.05457167702390303,echo,0.09547738693467336,0.7699504921349157,0.6756093864733099,0.1721526554099302,12,160,0.06976744186046512,0.57
227,0.16396825017372474,0.4557743737176842,0.08,0.05457167702390303,echo,0.09547738693467336,0.769950541068994,0.6756092754895763,0.17215425881533478,12,160,0.06976744186046512,0.57
228,0.16396820739869686,0.45577432866964246,0.08,0.05457167702390303,echo,0.09547738693467336,0.7699504045720825,0.6756089839398586,0.1721558760309495,12,160,0.06976744186046512,0.57
229,0.1639682152522011,0.4557743364999829,0.08,0.05457167702390303,echo,0.09547738693467336,0.7699505137664862,0.675608882535413,0.1721574312901564,12,160,0.06976744186046512,0.57
230,0.16396823349402165,0.4557743552058921,0.08,0.05457167702390303,echo,0.09547738693467336,0.7699505068861674,0.6756087463267543,0.17215889096811943,12,159,0.07017543859649122,0.57
231,0.16396825642310212,0.4557743788309502,0.08,0.05457167702390303,echo,0.09547738693467336,0.7699505770015587,0.6756086263284029,0.1721602477373494,12,161,0.06936416184971098,0.57
232,0.16396825515684596,0.4557743771943604,0.08,0.05457167702390303,echo,0.09547738693467336,0.7699506257619475,0.6756084932943986,0.17216159112269858,12,161,0.06936416184971098,0.57
233,0.16396824638331586,0.4557743677360663,0.08,0.05457167702390303,echo,0.09547738693467336,0.769950654253243,0.6756083177217509,0.17216290811081808,12,160,0.06976744186046512,0.57
234,0.16396825035805435,0.4557743716079682,0.08,0.05457167702390303,echo,0.09547738693467336,0.7699506603446232,0.6756081610731562,0.17216425431221843,12,160,0.06976744186046512,0.57
235,0.16396824523589804,0.45577436599401855,0.08,0.05457167702390303,echo,0.09547738693467336,0.7699506203407726,0.6756080650018434,0.17216555476382542,12,161,0.06936416184971098,0.57
236,0.16396824380199956,0.45577436424151363,0.08,0.05457167702390303,echo,0.09547738693467336,0.7699505650280959,0.6756079323224964,0.1721668593543434,12,161,0.06936416184971098,0.57
237,0.16396824642618113,0.45577436675080074,0.08,0.05457167702390303,echo,0.09547738693467336,0.7699505686267154,0.6756078162357203,0.17216790905162083,12,161,0.06936416184971098,0.57
238,0.16396823829851898,0.45577435804551447,0.08,0.05457167702390303,echo,0.09547738693467336,0.7699507373665725,0.6756077391215808,0.17216908913711348,12,161,0.06936416184971098,0.57
239,0.16396828744384365,0.45577440915336076,0.08,0.05457167702390303,echo,0.09547738693467336,0.7699507232387424,0.6756076645964618,0.17217021042277394,12,159,0.07017543859649122,0.57
240,0.16396827344047513,0.4557743943312307,0.08,0.05457167702390303,echo,0.09547738693467336,0.7699506434496823,0.6756074995920592,0.1721714322585995,12,159,0.07017543859649122,0.57
241,0.16396828770868435,0.45577440904532607,0.08,0.05457167702390303,echo,0.09547738693467336,0.7699507107126093,0.6756074125848193,0.17217247541911773,12,159,0.07017543859649122,0.57
242,0.16396830546415836,0.45577442740326674,0.08,0.05457167702390303,echo,0.09547738693467336,0.769950775256248,0.6756072852507669,0.17217355236481502,12,161,0.06936416184971098,0.57
243,0.1639682858820285,0.45577440678734954,0.08,0.05457167702390303,echo,0.09547738693467336,0.7699507416252767,0.6756071355436543,0.17217459941049557,12,159,0.07017543859649122,0.57
244,0.1639682589209057,0.45577437847077573,0.08,0.05457167702390303,echo,0.09547738693467336,0.7699507071666223,0.6756070349967074,0.17217556737044254,12,161,0.06936416184971098,0.57
245,0.1639682968283208,0.45577441790486495,0.08,0.05457167702390303,echo,0.09547738693467336,0.7699507356254117,0.6756069960070388,0.17217651521478938,12,162,0.06896551724137931,0.57
246,0.1639683107700262,0.4557744323187296,0.08,0.05457167702390303,echo,0.09547738693467336,0.7699508851322241,0.6756069041396209,0.172177449846971,12,160,0.06976744186046512,0.57
247,0.16396830561824427,0.4557744267997051,0.08,0.05457167702390303,echo,0.09547738693467336,0.7699509021990766,0.6756068007136319,0.17217839371243648,12,160,0.06976744186046512,0.57
248,0.16396831433480583,0.4557744357752505,0.08,0.05457167702390303,echo,0.09547738693467336,0.7699508969853245,0.6756067518829615,0.17217925903576367,12,160,0.06976744186046512,0.57
249,0.16396832734763464,0.45577444923933014,0.08,0.05457167702390303,echo,0.09547738693467336,0.7699508670843865,0.675606713227584,0.17218011328505506,12,159,0.07017543859649122,0.57
250,0.16396832167133465,0.45577444319625854,0.08,0.05457167702390303,echo,0.09547738693467336,0.7699509599149573,0.6756066174062099,0.1721809424304102,12,160,0.06976744186046512,0.57
251,0.16396832449757617,0.4557744460390534,0.08,0.05457167702390303,echo,0.09547738693467336,0.7699509783158238,0.6756065121701881,0.17218170121385457,12,160,0.06976744186046512,0.57
252,0.16396833395425378,0.45577445580988313,0.08,0.05457167702390303,echo,0.09547738693467336,0.7699509047680405,0.6756064575114883,0.1721825588452462,12,162,0.06896551724137931,0.57
253,0.1639683398794255,0.4557744619018105,0.08,0.05457167702390303,echo,0.09547738693467336,0.7699508617141422,0.6756063582706601,0.17218334534486082,12,161,0.06936416184971098,0.57
254,0.16396833284757953,0.4557744544678562,0.08,0.05457167702390303,echo,0.09547738693467336,0.769950856691745,0.6756062908739945,0.1721840834028275,12,160,0.06976744186046512,0.57
255,0.16396833924026255,0.4557744610531621,0.08,0.05457167702390303,echo,0.09547738693467336,0.769950839668809,0.6756062412093576,0.17218482092567367,12,160,0.06976744186046512,0.57
256,0.16396836472912402,0.4557744875875657,0.08,0.05457167702390303,echo,0.09547738693467336,0.7699509528241512,0.6756061858335286,0.1721854912996751,12,160,0.06976744186046512,0.57
257,0.16396837400427816,0.45577449719388996,0.08,0.05457167702390303,echo,0.09547738693467336,0.7699509825809389,0.675606149683726,0.17218616767056616,12,161,0.06936416184971098,0.57
258,0.16396836706261783,0.4557744898674324,0.08,0.05457167702390303,echo,0.09547738693467336,0.7699509408404007,0.6756060758440438,0.17218683943093843,12,161,0.06936416184971098,0.57
259,0.16396837507192402,0.45577449816218274,0.08,0.05457167702390303,echo,0.09547738693467336,0.7699509167893531,0.6756059952829667,0.17218752878350463,12,160,0.06976744186046512,0.57
260,0.16396839306518438,0.4557745168835355,0.08,0.05457167702390303,echo,0.09547738693467336,0.7699509068286039,0.6756059206196685,0.17218816027677672,12,161,0.06936416184971098,0.57
261,0.1639683902697164,0.4557745138996269,0.08,0.05457167702390303,echo,0.09547738693467336,0.7699509386388267,0.67560585824845,0.17218879776083262,12,161,0.06936416184971098,0.57
262,0.1639683909170159,0.4557745145178184,0.08,0.05457167702390303,echo,0.09547738693467336,0.7699509111293208,0.6756058212068082,0.17218941492390216,12,160,0.06976744186046512,0.57
263,0.16396838636333086,0.4557745097055806,0.08,0.05457167702390303,echo,0.09547738693467336,0.7699509157228513,0.6756057758511997,0.17219003824364826,12,159,0.07017543859649122,0.57
264,0.16396839861736492,0.4557745224478419,0.08,0.05457167702390303,echo,0.09547738693467336,0.7699509400351104,0.6756057317890577,0.17219057277405098,12,161,0.06936416184971098,0.57
265,0.16396840271292615,0.45577452667416796,0.08,0.05457167702390303,echo,0.09547738693467336,0.769950942534897,0.6756056590500841,0.17219114082178738,12,161,0.06936416184971098,0.57
266,0.16396839710282954,0.45577452076691577,0.08,0.05457167702390303,echo,0.09547738693467336,0.769950956806927,0.6756056176862589,0.17219166308754064,12,161,0.06936416184971098,0.57
267,0.16396840421592188,0.4557745281510902,0.08,0.05457167702390303,echo,0.09547738693467336,0.7699510289841907,0.675605535575342,0.17219220249977385,12,160,0.06976744186046512,0.57
268,0.16396841153179564,0.45577453574650256,0.08,0.05457167702390303,echo,0.09547738693467336,0.7699509528631161,0.6756054897778191,0.1721927078827112,12,161,0.06936416184971098,0.57
269,0.16396840196194032,0.4557745257114619,0.08,0.05457167702390303,echo,0.09547738693467336,0.7699510344443936,0.6756054221987657,0.17219322664467834,12,160,0.06976744186046512,0.57
270,0.16396840502509502,0.4557745288705884,0.08,0.05457167702390303,echo,0.09547738693467336,0.7699510432950939,0.6756053834747073,0.17219371692730737,12,161,0.06936416184971098,0.57
271,0.16396840527523338,0.45577452909480726,0.08,0.05457167702390303,echo,0.09547738693467336,0.7699510497200734,0.675605337189929,0.1721942029345116,12,160,0.06976744186046512,0.57
272,0.16396840425367515,0.4557745279930598,0.08,0.05457167702390303,echo,0.09547738693467336,0.7699511009607725,0.675605286817778,0.1721946490080995,12,161,0.06936416184971098,0.57
273,0.16396842100384224,0.455774545451612,0.08,0.05457167702390303,echo,0.09547738693467336,0.7699510916178693,0.6756052610196196,0.17219507407541568,12,160,0.06976744186046512,0.57
274,0.16396842083695365,0.455774545246026,0.08,0.05457167702390303,echo,0.09547738693467336,0.7699510926605618,0.6756052265181836,0.17219547388977602,12,159,0.07017543859649122,0.57
275,0.16396841669273357,0.4557745408896545,0.08,0.05457167702390303,echo,0.09547738693467336,0.7699510920952918,0.6756051837616569,0.17219592244973625,12,159,0.07017543859649122,0.57
276,0.163968429347243,0.4557745540759603,0.08,0.05457167702390303,echo,0.09547738693467336,0.7699511172226077,0.6756051725873399,0.17219631604346353,12,159,0.07017543859649122,0.57
277,0.1639684325086541,0.45577455735139827,0.08,0.05457167702390303,echo,0.09547738693467336,0.769951063685812,0.675605125365974,0.172196747458487,12,161,0.06936416184971098,0.57
278,0.16396843674627334,0.455774561751115,0.08,0.05457167702390303,echo,0.09547738693467336,0.7699511256467432,0.6756050960248463,0.17219713725393784,12,162,0.06896551724137931,0.57
279,0.16396843427444685,0.45577455914580756,0.08,0.05457167702390303,echo,0.09547738693467336,0.7699510953744703,0.6756050557294163,0.17219751829657376,12,160,0.06976744186046512,0.57
280,0.16396843080404153,0.4557745554996612,0.08,0.05457167702390303,echo,0.09547738693467336,0.7699510788634946,0.6756050171228023,0.1721978878519702,12,159,0.07017543859649122,0.57
281,0.16396842700098124,0.45577455150653967,0.08,0.05457167702390303,echo,0.09547738693467336,0.7699510910561499,0.6756049670710252,0.17219825433481867,12,161,0.06936416184971098,0.57
282,0.16396843012614892,0.4557745547505293,0.08,0.05457167702390303,echo,0.09547738693467336,0.7699510970030959,0.6756049398043386,0.17219859693789713,12,160,0.06976744186046512,0.57
283,0.16396843466062985,0.4557745594666618,0.08,0.05457167702390303,echo,0.09547738693467336,0.7699511036011312,0.6756049047075449,0.1721989456502349,12,160,0.06976744186046512,0.57
284,0.1639684392472333,0.4557745642378852,0.08,0.05457167702390303,echo,0.09547738693467336,0.7699511179402038,0.6756048779853777,0.17219926159570564,12,160,0.06976744186046512,0.57
285,0.16396844726593543,0.4557745725943709,0.08,0.05457167702390303,echo,0.09547738693467336,0.7699511271399306,0.6756048429224442,0.1721995700947831,12,162,0.06896551724137931,0.57
286,0.16396844373927277,0.45577456889499474,0.08,0.05457167702390303,echo,0.09547738693467336,0.7699510971712428,0.6756048160469793,0.17219989028443494,12,159,0.07017543859649122,0.57
287,0.16396844434338395,0.4557745695107184,0.08,0.05457167702390303,echo,0.09547738693467336,0.7699510950689966,0.6756047993141622,0.172200177669509,12,161,0.06936416184971098,0.57
288,0.1639684444440438,0.45577456960106794,0.08,0.05457167702390303,echo,0.09547738693467336,0.7699511274026619,0.6756047680342138,0.17220048555704526,12,161,0.06936416184971098,0.57
289,0.16396845078772235,0.4557745762118715,0.08,0.05457167702390303,echo,0.09547738693467336,0.7699511379497125,0.67560473260759,0.1722007622943773,12,160,0.06976744186046512,0.57
290,0.1639684509055809,0.45577457632242185,0.08,0.05457167702390303,echo,0.09547738693467336,0.769951139583356,0.675604699227082,0.1722010542689123,12,161,0.06936416184971098,0.57
291,0.16396844693109358,0.4557745721596493,0.08,0.05457167702390303,echo,0.09547738693467336,0.7699511644111947,0.6756046726992857,0.17220132251834488,12,161,0.06936416184971098,0.57
292,0.16396845778501856,0.4557745834822235,0.08,0.05457167702390303,echo,0.09547738693467336,0.7699511529704334,0.6756046558323051,0.17220155352781974,12,159,0.07017543859649122,0.57
293,0.16396846185991126,0.4557745877259793,0.08,0.05457167702390303,echo,0.09547738693467336,0.7699511516430052,0.6756046346328697,0.17220181267774928,12,159,0.07017543859649122,0.57
294,0.16396846175370658,0.4557745876045255,0.08,0.05457167702390303,echo,0.09547738693467336,0.7699511495897354,0.6756046136981327,0.1722020774569123,12,160,0.06976744186046512,0.57
295,0.16396846685793853,0.45577459292493816,0.08,0.05457167702390303,echo,0.09547738693467336,0.76995118563903,0.6756045944316187,0.17220230918961393,12,161,0.06936416184971098,0.57
296,0.16396847102432016,0.4557745972661037,0.08,0.05457167702390303,echo,0.09547738693467336,0.7699511506954297,0.6756045742301409,0.17220255501247433,12,161,0.06936416184971098,0.57
297,0.1639684690234712,0.4557745951682478,0.08,0.05457167702390303,echo,0.09547738693467336,0.7699511499185684,0.6756045461871975,0.17220279042450248,12,161,0.06936416184971098,0.57
298,0.16396847174925241,0.4557745980063847,0.08,0.05457167702390303,echo,0.09547738693467336,0.769951163733377,0.6756045351956581,0.17220301090133378,12,160,0.06976744186046512,0.57
299,0.1639684715789013,0.4557745978203168,0.08,0.05457167702390303,echo,0.09547738693467336,0.7699511899151147,0.6756045212246273,0.1722032332314896,12,161,0.06936416184971098,0.57
300,0.16396847888352442,0.45577460544057935,0.08,0.05457167702390303,echo,0.09547738693467336,0.7699511625198812,0.6756044976958309,0.17220344031955537,12,161,0.06936416184971098,0.57
