regime,step,mean_belief,polarization_var,share_extremes,assortativity,belief_drift
mixed,0,0.1850173657969656,0.4703310936297735,0.11,-0.04576223095942607,0.0
mixed,1,0.18690106486194305,0.4611757886153975,0.06,-0.03775312574571166,0.02341978265712884
mixed,2,0.18783533170123262,0.4563105362104348,0.03,-0.03756947264766594,0.04143759888524082
mixed,3,0.1884759084726414,0.45116596628634364,0.01,0.013271358858222167,0.0584578931565565
mixed,4,0.18904165289149183,0.4478019864810915,0.0,0.01214299866964821,0.07145252042112227
mixed,5,0.18932585478107472,0.44515461980465204,0.0,0.023849649877837678,0.08330309024528525
mixed,6,0.1893829331370488,0.44238498476949595,0.0,0.045637936749225685,0.09442563901690548
mixed,7,0.1894838950295868,0.4394499571095234,0.0,0.05631241206547472,0.10433500823659884
mixed,8,0.1892738414148525,0.4374549365907153,0.0,0.06810015350620174,0.11288137832716505
mixed,9,0.18999237637288913,0.43591161247878274,0.0,0.0694638107318023,0.12139386953925589
mixed,10,0.19079740608137707,0.43469906595883345,0.0,0.08547472571499899,0.12764907002642462
mixed,11,0.19115316174695215,0.43366833832446794,0.0,0.10586759873195768,0.13318310236911776
mixed,12,0.1908936086739832,0.4328578847676729,0.0,0.11610101033752067,0.13789946119120375
mixed,13,0.19089634524367516,0.43197205176023085,0.0,0.13364737392366705,0.1412994714918507
mixed,14,0.19125276250485032,0.4313748638053853,0.0,0.14270583106330814,0.14450017708638635
mixed,15,0.19077602471938007,0.43036259601157684,0.0,0.14045242125458746,0.14729483269090632
mixed,16,0.19064701769622755,0.429030092352918,0.0,0.13546289744280582,0.1507805110823755
mixed,17,0.19006073538266605,0.4278092121582548,0.0,0.11522329287920827,0.15336685345902532
mixed,18,0.19048238100669435,0.42753033323844647,0.0,0.1014943406409749,0.15572587498296403
mixed,19,0.19057238937330515,0.4266467142314324,0.0,0.0984793514077229,0.15811473201353998
mixed,20,0.190764121631407,0.42629928771493675,0.0,0.08644183519410696,0.16046626584069432
mixed,21,0.1906925005583039,0.425590352666039,0.0,0.08205245031692637,0.1625841983358881
mixed,22,0.19073320519571751,0.42500713932867995,0.0,0.06500613589723321,0.16420022085427657
mixed,23,0.19065453919016048,0.42449483006539634,0.0,0.0572423985738134,0.1657973575587482
mixed,24,0.19026365231763784,0.42374398524226436,0.0,-0.000969811217872458,0.16692144445522536
mixed,25,0.1902177573315214,0.42361034235363754,0.0,-0.014709088774465804,0.1679556803995942
mixed,26,0.19014179651204316,0.4236726204827515,0.0,-0.04738643656849424,0.16876262813496076
mixed,27,0.19003538236290296,0.4232854336715085,0.0,-0.06318347509113023,0.16940181488474498
mixed,28,0.1901631947994057,0.4231499631426886,0.0,-0.06318347509113023,0.1699826164052506
mixed,29,0.18990739776193824,0.4231182187090544,0.0,-0.06318347509113023,0.17008023045364998
mixed,30,0.1903357643146547,0.4232866741171396,0.0,-0.06318347509113023,0.17058238622456812
mixed,31,0.19010412458606332,0.4229108751895819,0.0,-0.06318347509113023,0.17091248707956525
mixed,32,0.19009620631749233,0.4228151121883198,0.0,-0.06318347509113023,0.17132706570561534
mixed,33,0.19001126469056376,0.42253192061094247,0.0,-0.06318347509113023,0.1717654267638142
mixed,34,0.1901543110678792,0.4226053214130012,0.0,-0.06318347509113023,0.1720165568253008
mixed,35,0.19014470516784482,0.42259144083237693,0.0,-0.06318347509113023,0.17219541287715256
mixed,36,0.19035075254065117,0.4226798835201233,0.0,-0.06318347509113023,0.17232571627261448
mixed,37,0.19023276279967086,0.42264206202024046,0.0,-0.06318347509113023,0.17258746389709909
mixed,38,0.1902761514545796,0.42253312236420726,0.0,-0.06318347509113023,0.1727336220127432
mixed,39,0.19042134668048882,0.42246749871797595,0.0,-0.06318347509113023,0.1729675635532573
mixed,40,0.19051983379782772,0.4225211046777968,0.0,-0.06318347509113023,0.17306890948324039
mixed,41,0.19071159287508935,0.42256581370193275,0.0,-0.06318347509113023,0.17318153288387997
mixed,42,0.19088741672459045,0.42249597828296964,0.0,-0.06318347509113023,0.17334321640265238
mixed,43,0.19094982589770568,0.4225958047550356,0.0,-0.06318347509113023,0.1735334735664089
mixed,44,0.19095147165432308,0.4225435456498421,0.0,-0.06318347509113023,0.1737572043096222
mixed,45,0.1910677200329588,0.4224139401943343,0.0,-0.06318347509113023,0.17378858460012725
mixed,46,0.19104382375495643,0.42237405125382743,0.0,-0.06318347509113023,0.17381273530988411
mixed,47,0.19115794086808233,0.42242081278783866,0.0,-0.06318347509113023,0.17387690007270645
mixed,48,0.1911616024698352,0.4224243915746314,0.0,-0.06318347509113023,0.1739907449980631
mixed,49,0.19118966646755842,0.4225690692110383,0.0,-0.06318347509113023,0.17417287725593744
mixed,50,0.19133425602974402,0.4226227729782559,0.0,-0.06318347509113023,0.17421229687316533
mixed,51,0.19121924593177664,0.422701600314515,0.0,-0.06318347509113023,0.17432231212515503
mixed,52,0.19137799384049664,0.422817884966227,0.0,-0.06318347509113023,0.17438436912759706
mixed,53,0.1913349507530511,0.42277297649801354,0.0,-0.06318347509113023,0.17448113630871126
mixed,54,0.19136142363090275,0.42275679363271584,0.0,-0.06318347509113023,0.17461387252571747
mixed,55,0.1913636573717194,0.42282317715827455,0.0,-0.06318347509113023,0.17466865725429906
mixed,56,0.19143029877039752,0.42287163548232853,0.0,-0.06318347509113023,0.17466048678660404
mixed,57,0.19148071829560012,0.422950303628012,0.0,-0.06318347509113023,0.17457656244874786
mixed,58,0.19153250823393836,0.42305557704047897,0.0,-0.06318347509113023,0.17460423102584827
mixed,59,0.19164100501408968,0.4230652221993886,0.0,-0.06318347509113023,0.17463658060606066
mixed,60,0.19170977773071057,0.4231167952718616,0.0,-0.06318347509113023,0.17470891285691492
mixed,61,0.19181625512986095,0.4232676269959769,0.0,-0.06318347509113023,0.17474164194887595
mixed,62,0.19186915562196522,0.42325743798633425,0.0,-0.06318347509113023,0.17480296273677676
mixed,63,0.19199888508697918,0.42335643460670674,0.0,-0.06318347509113023,0.17484240164628478
mixed,64,0.19205506067425218,0.42341645843087156,0.0,-0.06318347509113023,0.174833161864314
mixed,65,0.19215523062366593,0.42340683269422436,0.0,-0.06318347509113023,0.1748183579797976
mixed,66,0.1922925172370639,0.42359778666892284,0.0,-0.06318347509113023,0.1747732265435134
mixed,67,0.19239070038691802,0.42366209182456444,0.0,-0.06318347509113023,0.174810050727982
mixed,68,0.1924039506018547,0.4238093197626656,0.0,-0.06318347509113023,0.17487016877297468
mixed,69,0.19245848263623613,0.4238633918347633,0.0,-0.06318347509113023,0.1748966708998476
mixed,70,0.19251805211433948,0.42400285097083007,0.0,-0.06318347509113023,0.17491090433535866
mixed,71,0.1925801462958326,0.42407020755739644,0.0,-0.06318347509113023,0.17490842735179601
mixed,72,0.19264728763079972,0.42408973747305595,0.0,-0.06318347509113023,0.1749158315981855
mixed,73,0.19269207868310315,0.4241535715854522,0.0,-0.06318347509113023,0.17497582932553551
mixed,74,0.19274014989838315,0.4241639098087478,0.0,-0.06318347509113023,0.17494690110627295
mixed,75,0.19276284942562513,0.4241982808796262,0.0,-0.06318347509113023,0.1750024380805673
mixed,76,0.19281217812875082,0.4242204124738462,0.0,-0.06318347509113023,0.17493030768871898
mixed,77,0.19283229735696797,0.42423616374360856,0.0,-0.06318347509113023,0.17492000162330215
mixed,78,0.19291005805572592,0.42433301365385434,0.0,-0.06318347509113023,0.17494195425661424
mixed,79,0.1929803883314366,0.4244117276177197,0.0,-0.06318347509113023,0.174891828991477
mixed,80,0.1930307039107262,0.4244393604379513,0.0,-0.06318347509113023,0.17490511559059313
mixed,81,0.19311577011977177,0.4245501500656,0.0,-0.06318347509113023,0.17493382067148328
mixed,82,0.19315636074626044,0.4245642910452095,0.0,-0.06318347509113023,0.17494514425961158
mixed,83,0.19317783095640145,0.42458153106734087,0.0,-0.06318347509113023,0.17493271285032866
mixed,84,0.19321848810616557,0.4246038989935932,0.0,-0.06318347509113023,0.17495674117867033
mixed,85,0.19323758463976468,0.42461155833250147,0.0,-0.06318347509113023,0.17496258664289158
mixed,86,0.1932120723035756,0.42467762650676216,0.0,-0.06318347509113023,0.17498081288895861
mixed,87,0.19322852993812284,0.4246932002121552,0.0,-0.06318347509113023,0.1750170274679093
mixed,88,0.19326444374936294,0.4246899863432319,0.0,-0.06318347509113023,0.17503894534902917
mixed,89,0.1932872851928938,0.4246904490220312,0.0,-0.06318347509113023,0.1750033579569941
mixed,90,0.1932868305251384,0.42471682523204857,0.0,-0.06318347509113023,0.17503216175036665
mixed,91,0.1933018877249954,0.42472925902797437,0.0,-0.06318347509113023,0.17505601926293857
mixed,92,0.19331063597116638,0.4247365075295855,0.0,-0.06318347509113023,0.1750472710167676
mixed,93,0.19331096409948267,0.42479661892379844,0.0,-0.06318347509113023,0.17504826726496373
mixed,94,0.19333355935119662,0.42481539067839413,0.0,-0.06318347509113023,0.1750135640422682
mixed,95,0.19333837880999616,0.424844985639623,0.0,-0.06318347509113023,0.17500874458346863
mixed,96,0.19334551146556592,0.4248309312442926,0.0,-0.06318347509113023,0.17500161192789881
mixed,97,0.19331308499010683,0.4248584568008814,0.0,-0.06318347509113023,0.17502787906893955
mixed,98,0.19336998519661874,0.4248823457837239,0.0,-0.06318347509113023,0.17498580162348923
mixed,99,0.1934582820770555,0.4248301787802709,0.0,-0.06318347509113023,0.17492780870007396
mixed,100,0.1934621690094054,0.42482931347429953,0.0,-0.06318347509113023,0.17492674336951952
mixed,101,0.1935552364452125,0.42482405320235467,0.0,-0.06318347509113023,0.17486721745433428
mixed,102,0.19357154169683116,0.4248804102894363,0.0,-0.06318347509113023,0.17489205290702867
mixed,103,0.19358591431334254,0.424945048403172,0.0,-0.06318347509113023,0.17491595169396934
mixed,104,0.19361064952464369,0.4249659373290768,0.0,-0.06318347509113023,0.17490248062977098
mixed,105,0.1936586311970014,0.4249265163785277,0.0,-0.06318347509113023,0.17494106839398363
mixed,106,0.19367556667895539,0.4249307352543324,0.0,-0.06318347509113023,0.17491467817111858
mixed,107,0.19370749218975003,0.42494380650795194,0.0,-0.06318347509113023,0.17493322996649696
mixed,108,0.19371425115570046,0.4249657026137723,0.0,-0.06318347509113023,0.17495145984120494
mixed,109,0.19375819973207167,0.424945390968063,0.0,-0.06318347509113023,0.17491784997637871
mixed,110,0.1937648457532166,0.42496454551369295,0.0,-0.06318347509113023,0.17494297444341392
mixed,111,0.19380064184891857,0.42496448174626367,0.0,-0.06318347509113023,0.17493866854224374
mixed,112,0.1937738235489872,0.4249772942937497,0.0,-0.06318347509113023,0.1749375282942414
mixed,113,0.19376536391048485,0.42500778213609025,0.0,-0.06318347509113023,0.1749556116057092
mixed,114,0.19382548112792283,0.42497483281786397,0.0,-0.06318347509113023,0.17493090602574163
mixed,115,0.19384447967381216,0.4249644925517417,0.0,-0.06318347509113023,0.1749224254522264
mixed,116,0.19382712035521985,0.4249858215662891,0.0,-0.06318347509113023,0.17493978477081867
mixed,117,0.19384426917155376,0.42500036819163484,0.0,-0.06318347509113023,0.17493137519465476
mixed,118,0.19381944790315558,0.42505211315997543,0.0,-0.06318347509113023,0.17495808425972392
mixed,119,0.19379413691464722,0.4251157252912353,0.0,-0.06318347509113023,0.17495688093560305
mixed,120,0.1937739356537012,0.4251554138235532,0.0,-0.06318347509113023,0.17497708219654903
mixed,121,0.19375430122588347,0.42515925671113214,0.0,-0.06318347509113023,0.1749796131509939
mixed,122,0.1937384167001624,0.42519044840179854,0.0,-0.06318347509113023,0.17499549767671496
mixed,123,0.1937758777756363,0.4252021099689122,0.0,-0.06318347509113023,0.17495803660124107
mixed,124,0.19379820167654077,0.42522101939030954,0.0,-0.06318347509113023,0.17498036050214555
mixed,125,0.19381558136606197,0.4252619210715146,0.0,-0.06318347509113023,0.17498987454431664
mixed,126,0.19384783137204756,0.4251635301357677,0.0,-0.06318347509113023,0.17496799231129387
mixed,127,0.19384541193513538,0.4251756199765002,0.0,-0.06318347509113023,0.17498449206290279
mixed,128,0.19386890949487096,0.42515405605089707,0.0,-0.06318347509113023,0.17496955939180836
mixed,129,0.1938740023075551,0.4251783516784296,0.0,-0.06318347509113023,0.17498915780980318
mixed,130,0.19388681533350038,0.42520102728337006,0.0,-0.06318347509113023,0.1749883134494422
mixed,131,0.1938824862238118,0.42527589410197,0.0,-0.06318347509113023,0.175022560846077
mixed,132,0.19389602429271602,0.4252749185374991,0.0,-0.06318347509113023,0.1750176494859616
mixed,133,0.19389984997979323,0.4252932798608994,0.0,-0.06318347509113023,0.17501382379888442
mixed,134,0.19392344206621204,0.42531305895236493,0.0,-0.06318347509113023,0.17501749455568968
mixed,135,0.19394276001764335,0.4253595535669433,0.0,-0.06318347509113023,0.17502876981492116
mixed,136,0.19392933552667194,0.42539935979915905,0.0,-0.06318347509113023,0.17501534532394974
mixed,137,0.19396528833959653,0.4253573623381664,0.0,-0.06318347509113023,0.17500874433750244
mixed,138,0.1939589784772667,0.42532779943987264,0.0,-0.06318347509113023,0.1749962230081704
mixed,139,0.19393426023303792,0.42535744591705166,0.0,-0.06318347509113023,0.17498959368014372
mixed,140,0.19392175015836297,0.42537939604873193,0.0,-0.06318347509113023,0.17501062465770922
mixed,141,0.19395377292416316,0.42535157039289445,0.0,-0.06318347509113023,0.1750261172423668
mixed,142,0.19396496340142033,0.42536109576773334,0.0,-0.06318347509113023,0.1750149267651096
mixed,143,0.1939627895063697,0.42535920853738796,0.0,-0.06318347509113023,0.17502561074830333
mixed,144,0.19400603883292472,0.4253128319238352,0.0,-0.06318347509113023,0.17500248363366225
mixed,145,0.1939829371481834,0.42535900737181626,0.0,-0.06318347509113023,0.17502558531840354
mixed,146,0.19396781307644007,0.42535267236155133,0.0,-0.06318347509113023,0.17501526204459103
mixed,147,0.19398577101061423,0.4253172384663398,0.0,-0.06318347509113023,0.1749973041104168
mixed,148,0.19400843488285385,0.4252748773082435,0.0,-0.06318347509113023,0.174985752603719
mixed,149,0.19402340188178183,0.42530838237760693,0.0,-0.06318347509113023,0.17499199753057323
mixed,150,0.19401537575253885,0.4253416392555288,0.0,-0.06318347509113023,0.17500002365981623
mixed,151,0.19398925268961809,0.4253808974082061,0.0,-0.06318347509113023,0.17502614672273695
mixed,152,0.194031558328603,0.42534211820714296,0.0,-0.06318347509113023,0.17499677557439652
mixed,153,0.19405874771496434,0.4252880284730631,0.0,-0.06318347509113023,0.17496958618803515
mixed,154,0.19405880593318514,0.42528764531101937,0.0,-0.06318347509113023,0.17496952796981435
mixed,155,0.1940633296830117,0.4253029326919438,0.0,-0.06318347509113023,0.17496922167291298
mixed,156,0.19407394717484716,0.42528201837213864,0.0,-0.06318347509113023,0.17495860418107753
mixed,157,0.19406035268391839,0.4253093690184206,0.0,-0.06318347509113023,0.17500204260008212
mixed,158,0.19407075544291236,0.4253326420955503,0.0,-0.06318347509113023,0.1750005698265748
mixed,159,0.19407116712682362,0.42536320064386446,0.0,-0.06318347509113023,0.1750087706401888
mixed,160,0.194031572779264,0.42539686145239136,0.0,-0.06318347509113023,0.17502665408050022
mixed,161,0.19406002011220203,0.4253891393252851,0.0,-0.06318347509113023,0.17504717658606928
mixed,162,0.1940602442473315,0.4254397048135403,0.0,-0.06318347509113023,0.17502424057417748
mixed,163,0.19405862610818825,0.4254594605093591,0.0,-0.06318347509113023,0.17504734758488888
mixed,164,0.1940544380396687,0.42550810568903086,0.0,-0.06318347509113023,0.17504411299007885
mixed,165,0.19407699950285018,0.425463754999808,0.0,-0.06318347509113023,0.1750021411425019
mixed,166,0.19407872819921088,0.42547220942835035,0.0,-0.06318347509113023,0.17501861514855366
mixed,167,0.19410016079712242,0.42549137311293217,0.0,-0.06318347509113023,0.17501751175302602
mixed,168,0.19407561559218556,0.4255645284944219,0.0,-0.06318347509113023,0.1750595638211572
mixed,169,0.1940706736090304,0.4255888884948595,0.0,-0.06318347509113023,0.17507462855016775
mixed,170,0.19406422054899472,0.42560192658254115,0.0,-0.06318347509113023,0.17508108161020342
mixed,171,0.19405854621641563,0.425597034499171,0.0,-0.06318347509113023,0.17507540727762433
mixed,172,0.19405919740377908,0.4256199143655752,0.0,-0.06318347509113023,0.17507475609026085
mixed,173,0.1940839484850424,0.4255571276334937,0.0,-0.06318347509113023,0.1750500050089975
mixed,174,0.1941049412852606,0.42551588127812273,0.0,-0.06318347509113023,0.1750290122087793
mixed,175,0.19410235416014096,0.4255487341583094,0.0,-0.06318347509113023,0.17505108225660704
mixed,176,0.19411658688325567,0.4255196835747781,0.0,-0.06318347509113023,0.1750368495334923
mixed,177,0.19410923324677745,0.42553422575493616,0.0,-0.06318347509113023,0.1750442031699705
mixed,178,0.19411266744914013,0.4255696126772539,0.0,-0.06318347509113023,0.17505241375738062
mixed,179,0.19412186086921163,0.42557736817008307,0.0,-0.06318347509113023,0.17506160717745212
mixed,180,0.1941103341973524,0.42560003486334913,0.0,-0.06318347509113023,0.17507313384931136
mixed,181,0.19410449300943713,0.42561160050998786,0.0,-0.06318347509113023,0.1750789750372266
mixed,182,0.19412922498935778,0.4255626770428059,0.0,-0.06318347509113023,0.17505424305730596
mixed,183,0.19415967101666282,0.42551364275948117,0.0,-0.06318347509113023,0.17502379703000093
mixed,184,0.19416293452634584,0.42553659766288293,0.0,-0.06318347509113023,0.17502932373327704
mixed,185,0.19415762744821422,0.42554668571259163,0.0,-0.06318347509113023,0.1750346308114087
mixed,186,0.19415393581610996,0.4255791944534846,0.0,-0.06318347509113023,0.17503832244351292
mixed,187,0.19414214708428545,0.425617559084121,0.0,-0.06318347509113023,0.1750606266193033
mixed,188,0.19413744052017914,0.425626830304127,0.0,-0.06318347509113023,0.17506533318340955
mixed,189,0.19416382364643126,0.4256343947140971,0.0,-0.06318347509113023,0.17503895005715747
mixed,190,0.19416409030524018,0.42564688423834207,0.0,-0.06318347509113023,0.17504794587981798
mixed,191,0.19416854959547553,0.4256379155978699,0.0,-0.06318347509113023,0.17505240517005333
mixed,192,0.19420448111760677,0.4256067380483004,0.0,-0.06318347509113023,0.1750252568043638
mixed,193,0.19420070225041086,0.42562646905569684,0.0,-0.06318347509113023,0.17503781500560778
mixed,194,0.19420521362291823,0.42564730712164367,0.0,-0.06318347509113023,0.1750333036331004
mixed,195,0.1942026186350586,0.4256366529366376,0.0,-0.06318347509113023,0.17501670597199762
mixed,196,0.19421806867760655,0.42561895788342186,0.0,-0.06318347509113023,0.17503101605266735
mixed,197,0.19421806867760655,0.42561895788342186,0.0,-0.06318347509113023,0.17503101605266735
mixed,198,0.19419779379699306,0.425630602961262,0.0,-0.06318347509113023,0.1750309526695162
mixed,199,0.1942069949694534,0.42564974112663057,0.0,-0.06318347509113023,0.17502189203415228
mixed,200,0.1941942073539385,0.42567517109785585,0.0,-0.06318347509113023,0.1750434769008846
mixed,201,0.19418762871538053,0.42568818232011474,0.0,-0.06318347509113023,0.17505005553944256
mixed,202,0.19422397262544325,0.4256407456606111,0.0,-0.06318347509113023,0.17501371162937981
mixed,203,0.1942219986213243,0.4257076198823741,0.0,-0.06318347509113023,0.1750419675240027
mixed,204,0.19421260746760224,0.42574320539721033,0.0,-0.06318347509113023,0.17506322226478643
mixed,205,0.19424002450510014,0.4257020000118559,0.0,-0.06318347509113023,0.17505455798233607
mixed,206,0.19419560984844217,0.42580346946031705,0.0,-0.06318347509113023,0.17506995053555194
mixed,207,0.19421535674366425,0.4257902645444356,0.0,-0.06318347509113023,0.17505020364032986
mixed,208,0.19421993884711802,0.4257809469797186,0.0,-0.06318347509113023,0.17505478574378366
mixed,209,0.19422528484044832,0.4257854821307987,0.0,-0.06318347509113023,0.17506013173711396
mixed,210,0.19422528484044832,0.4257854821307987,0.0,-0.06318347509113023,0.17506013173711396
mixed,211,0.19422528484044832,0.4257854821307987,0.0,-0.06318347509113023,0.17506013173711396
mixed,212,0.19422903042983936,0.42575072977784295,0.0,-0.06318347509113023,0.17505638614772287
mixed,213,0.19422792016259585,0.42575278335047806,0.0,-0.06318347509113023,0.17505749641496637
mixed,214,0.1942139086819887,0.42578111185742484,0.0,-0.06318347509113023,0.17507150789557357
mixed,215,0.19420554250606892,0.4258135633678806,0.0,-0.06318347509113023,0.17509116708687883
mixed,216,0.19424060142818006,0.42574355032865246,0.0,-0.06318347509113023,0.17505610816476772
mixed,217,0.19423075380902696,0.42576301884484,0.0,-0.06318347509113023,0.1750659557839208
mixed,218,0.19423075380902696,0.42576301884484,0.0,-0.06318347509113023,0.1750659557839208
mixed,219,0.1942486894219552,0.42574016994394676,0.0,-0.06318347509113023,0.17505692643731272
mixed,220,0.19423415921260767,0.42576856116417294,0.0,-0.06318347509113023,0.17507145664666027
mixed,221,0.1942429005772378,0.42579135290194564,0.0,-0.06318347509113023,0.17507132081474686
mixed,222,0.1942427126495233,0.42580437135991156,0.0,-0.06318347509113023,0.17508048612261917
mixed,223,0.19422118516311052,0.4258474839158755,0.0,-0.06318347509113023,0.175102013609032
mixed,224,0.19419779060296696,0.4258808738422112,0.0,-0.06318347509113023,0.17510792306149545
mixed,225,0.1941967524509666,0.42590942187387854,0.0,-0.06318347509113023,0.17512738581036535
mixed,226,0.1942008258931308,0.4259008494755201,0.0,-0.06318347509113023,0.17512331236820114
mixed,227,0.19421905912962983,0.425889242659464,0.0,-0.06318347509113023,0.17510507913170212
mixed,228,0.19424191285806708,0.42588070195954153,0.0,-0.06318347509113023,0.175090841316797
mixed,229,0.19422853436688925,0.425907379715281,0.0,-0.06318347509113023,0.1751042198079748
mixed,230,0.19422122216692414,0.42592186373018365,0.0,-0.06318347509113023,0.1751115320079399
mixed,231,0.19422122216692414,0.42592186373018365,0.0,-0.06318347509113023,0.1751115320079399
mixed,232,0.19424133809741068,0.4258820435680707,0.0,-0.06318347509113023,0.17509141607745338
mixed,233,0.1942454127498516,0.4258984836183944,0.0,-0.06318347509113023,0.17508734142501248
mixed,234,0.19427006002456015,0.4258494937888798,0.0,-0.06318347509113023,0.17506269415030395
mixed,235,0.19426432973603205,0.42586081904788675,0.0,-0.06318347509113023,0.175068424438832
mixed,236,0.19426821968078042,0.4258514493681853,0.0,-0.06318347509113023,0.1750909836923958
mixed,237,0.19428507639214104,0.4258899786204413,0.0,-0.06318347509113023,0.1750831408937859
mixed,238,0.19431531119624043,0.4258711468629462,0.0,-0.06318347509113023,0.17506149138001542
mixed,239,0.19433448935155584,0.4258325720767013,0.0,-0.06318347509113023,0.1750423132247
mixed,240,0.19432931712326162,0.4258281002642677,0.0,-0.06318347509113023,0.17504748545299426
mixed,241,0.194327518518059,0.42583129501761185,0.0,-0.06318347509113023,0.17505971258308636
mixed,242,0.1943385729359929,0.42580870380450486,0.0,-0.06318347509113023,0.1750486581651525
mixed,243,0.19433422386229096,0.425817304905487,0.0,-0.06318347509113023,0.17505300723885442
mixed,244,0.19434125849495448,0.42578822589640647,0.0,-0.06318347509113023,0.1750459726061909
mixed,245,0.19434039161169628,0.42580410837241894,0.0,-0.06318347509113023,0.1750664345125632
mixed,246,0.19434039161169628,0.42580410837241894,0.0,-0.06318347509113023,0.1750664345125632
mixed,247,0.19432688985999685,0.4258304744095479,0.0,-0.06318347509113023,0.17507993626426263
mixed,248,0.1943400181139218,0.42578078133171865,0.0,-0.06318347509113023,0.1750501706937423
mixed,249,0.19434507698375633,0.425785131539434,0.0,-0.06318347509113023,0.17505522956357683
mixed,250,0.19434507698375633,0.425785131539434,0.0,-0.06318347509113023,0.17505522956357683
mixed,251,0.19431714990463095,0.425809262715692,0.0,-0.06318347509113023,0.17506098587559588
mixed,252,0.19431971253873986,0.42580400677900615,0.0,-0.06318347509113023,0.17505842324148696
mixed,253,0.19431010348394384,0.42581046690871005,0.0,-0.06318347509113023,0.175068032296283
mixed,254,0.19429187405143086,0.42584663215846896,0.0,-0.06318347509113023,0.17508626172879593
mixed,255,0.1943014256285427,0.4258276746424146,0.0,-0.06318347509113023,0.17507671015168413
mixed,256,0.19430643227057548,0.4258319065280821,0.0,-0.06318347509113023,0.17508171679371692
mixed,257,0.1943252804074918,0.42584802478845113,0.0,-0.06318347509113023,0.17506286865680065
mixed,258,0.19431931508663638,0.42585689196901666,0.0,-0.06318347509113023,0.1750776775835115
mixed,259,0.19432516206078046,0.42584580655741844,0.0,-0.06318347509113023,0.17507183060936746
mixed,260,0.19429682034427218,0.425889163210278,0.0,-0.06318347509113023,0.1751001723258757
mixed,261,0.19428392648325304,0.4258992792873205,0.0,-0.06318347509113023,0.17511306618689484
mixed,262,0.19429200706347527,0.42587038744027245,0.0,-0.06318347509113023,0.1751049856066726
mixed,263,0.1942836675556861,0.4258872274445237,0.0,-0.06318347509113023,0.17511332511446176
mixed,264,0.19427781261763857,0.42589883635904546,0.0,-0.06318347509113023,0.17511918005250926
mixed,265,0.19427827248807586,0.42589740208701166,0.0,-0.06318347509113023,0.17511872018207203
mixed,266,0.19427192383852573,0.425918620719537,0.0,-0.06318347509113023,0.17510718744672144
mixed,267,0.19427661147141148,0.4259095388975282,0.0,-0.06318347509113023,0.17510249981383563
mixed,268,0.1942831275206944,0.42594253538235066,0.0,-0.06318347509113023,0.17510834197286143
mixed,269,0.19431948065619087,0.4258702204684585,0.0,-0.06318347509113023,0.175071988837365
mixed,270,0.19432202438878737,0.42589581063187315,0.0,-0.06318347509113023,0.17509107772578517
mixed,271,0.1943042517553156,0.42594437459925016,0.0,-0.06318347509113023,0.17511797540229657
mixed,272,0.19428867636912092,0.4259596964115891,0.0,-0.06318347509113023,0.17513355078849127
mixed,273,0.19429546322258529,0.4259655376630467,0.0,-0.06318347509113023,0.17514033764195563
mixed,274,0.19430025667219467,0.42596959410271074,0.0,-0.06318347509113023,0.17514513109156507
mixed,275,0.19427872417235395,0.426036333589669,0.0,-0.06318347509113023,0.17514554413216785
mixed,276,0.1943121310182018,0.42598226018277363,0.0,-0.06318347509113023,0.17512109391942285
mixed,277,0.19430957669195917,0.4259996543735879,0.0,-0.06318347509113023,0.17513237459973396
mixed,278,0.19432681316413128,0.42596549106419945,0.0,-0.06318347509113023,0.17511513812756185
mixed,279,0.19432709170842874,0.42599157254584036,0.0,-0.06318347509113023,0.1751148595832644
mixed,280,0.1943167831277898,0.42602447190976056,0.0,-0.06318347509113023,0.1751336816310045
mixed,281,0.1943045568873169,0.4260360315824429,0.0,-0.06318347509113023,0.17514590787147738
mixed,282,0.1943251518472052,0.42603504042347085,0.0,-0.06318347509113023,0.17513486511516085
mixed,283,0.19434318754446736,0.42599929521364893,0.0,-0.06318347509113023,0.17511682941789863
mixed,284,0.1943317539953429,0.4260100204692824,0.0,-0.06318347509113023,0.17512826296702308
mixed,285,0.1943222328634389,0.4260180925151392,0.0,-0.06318347509113023,0.17512999146331013
mixed,286,0.19430285400880584,0.42605680312622723,0.0,-0.06318347509113023,0.17514937031794317
mixed,287,0.1943169557286247,0.4260408536198597,0.0,-0.06318347509113023,0.17514423935021603
mixed,288,0.19428206362294437,0.42606618183837225,0.0,-0.06318347509113023,0.1751576209604515
mixed,289,0.19431743990815475,0.42602411513997973,0.0,-0.06318347509113023,0.17512224467524112
mixed,290,0.1943280924346191,0.42600279604689023,0.0,-0.06318347509113023,0.17511159214877672
mixed,291,0.1943096548124403,0.426039221854475,0.0,-0.06318347509113023,0.17513002977095554
mixed,292,0.19432174699175936,0.4260242389639444,0.0,-0.06318347509113023,0.1751331978661249
mixed,293,0.19431803084866534,0.42607368143719027,0.0,-0.06318347509113023,0.17514867319253674
mixed,294,0.19433568119539227,0.4260885708271979,0.0,-0.06318347509113023,0.17514857319138188
mixed,295,0.1943312799690423,0.4260848035946933,0.0,-0.06318347509113023,0.17515297441773187
mixed,296,0.1943269699381505,0.4260933198196601,0.0,-0.06318347509113023,0.1751572844486237
mixed,297,0.1943269699381505,0.4260933198196601,0.0,-0.06318347509113023,0.1751572844486237
mixed,298,0.19434854666124524,0.4260505039962531,0.0,-0.06318347509113023,0.17513570772552897
mixed,299,0.19434432642007063,0.4260593596981304,0.0,-0.06318347509113023,0.17513992796670352
echo,0,0.1850173657969656,0.4703310936297735,0.11,0.012324623932421064,0.0
echo,1,0.18488052477467615,0.4655527315687764,0.07,0.03835033549724521,0.016050407869836428
echo,2,0.18507246725571133,0.46237583611283767,0.06,0.04402999423187854,0.028418933030711316
echo,3,0.18506902142173087,0.45996874223516626,0.04,0.06032936572639816,0.03763347735793522
echo,4,0.18502344419674252,0.45791669048537925,0.02,0.0721192804278537,0.04548647679861723
echo,5,0.1848593784177573,0.4559840436666217,0.01,0.07434833319771071,0.051757261835938574
echo,6,0.1849427756543758,0.4548270973223414,0.01,0.07293461317581422,0.05737643771670127
echo,7,0.1852710794665134,0.4541146539980025,0.01,0.09967479674796749,0.06200434433292938
echo,8,0.18553330945108887,0.4537093412716424,0.01,0.09803708630847333,0.06569230408995284
echo,9,0.1863147059110539,0.4534936182600438,0.01,0.11496330375725715,0.06939171105266578
echo,10,0.18660791224742188,0.45307128490925946,0.01,0.11496330375725715,0.07268361163776216
echo,11,0.1876046355456864,0.4528455615716719,0.01,0.12159219340077736,0.07625449907687512
echo,12,0.18835637163586608,0.4527723057999993,0.01,0.12410375660936257,0.07935616313420438
echo,13,0.18829138322763972,0.45201407869473853,0.01,0.12835738068812436,0.08278223928149828
echo,14,0.18832453964502935,0.45168209861799496,0.01,0.12307043441585826,0.08531582773298547
echo,15,0.18813136489910176,0.45131473820135026,0.01,0.12307043441585826,0.087445457333371
echo,16,0.18807645663543662,0.45117607080337907,0.01,0.12307043441585826,0.08908890674377773
echo,17,0.18807738247175954,0.4510414862269739,0.01,0.12288147424263582,0.09048349262828806
echo,18,0.18808763468909664,0.4508846245503247,0.01,0.132534141796234,0.09166476172674969
echo,19,0.1881462951790424,0.4508442607545968,0.01,0.132534141796234,0.09267069147264506
echo,20,0.18814304160556675,0.45083835924136717,0.01,0.13704130050256896,0.09351511768805292
echo,21,0.18814798460659382,0.45081526215564205,0.01,0.14323704982035243,0.09432123496262441
echo,22,0.1881678271260851,0.4507909123876189,0.01,0.14323704982035243,0.09502457686745441
echo,23,0.18815518180956356,0.4507448406817928,0.01,0.14323704982035243,0.09567430744672148
echo,24,0.18812973911281056,0.4506957878606244,0.01,0.14323704982035243,0.09628844353679984
echo,25,0.18818532237724367,0.45072487249691146,0.01,0.14323704982035243,0.09677424694972996
echo,26,0.1881313834368855,0.45066327898021025,0.01,0.14323704982035243,0.09728279014956724
echo,27,0.18809465462132896,0.45056352469342137,0.01,0.14323704982035243,0.09772074574704956
echo,28,0.18808956310034133,0.45050217698797396,0.01,0.12646376728605374,0.09812008165564214
echo,29,0.1881344340244788,0.45043196170530875,0.01,0.11367361273706397,0.09843039305169574
echo,30,0.18813186587099218,0.45035699735182516,0.01,0.09688304768670634,0.09876776228440302
echo,31,0.18812243705190554,0.4502538594810163,0.01,0.0991393628265137,0.09910965805920428
echo,32,0.1881029476779561,0.4501336763573377,0.01,0.0991393628265137,0.09939727671820765
echo,33,0.18807681632918044,0.4500638169157291,0.01,0.0991393628265137,0.0996349457381284
echo,34,0.18803717331160866,0.44997132418819474,0.01,0.0991393628265137,0.09989214857956043
echo,35,0.1880178213884216,0.44990365959512224,0.01,0.09971281227804715,0.10009455451865013
echo,36,0.1879767586708904,0.4498428108506098,0.01,0.10430296930045295,0.10027430535268644
echo,37,0.18793165839101542,0.44975464684841593,0.01,0.10493608526258175,0.10047054735409286
echo,38,0.18787411805962922,0.4497182626590038,0.01,0.10493608526258175,0.10063502191602534
echo,39,0.18782009126844332,0.44971966471967134,0.01,0.10493608526258175,0.10078434357309593
echo,40,0.18775378193500367,0.44967592336957535,0.01,0.10493608526258175,0.1009231601071316
echo,41,0.18771187072665074,0.4496221676463398,0.01,0.10493608526258175,0.10106002144786866
echo,42,0.18763944347419417,0.4495904213730013,0.01,0.10493608526258175,0.10115763583563987
echo,43,0.18762439910497006,0.449581790864671,0.01,0.08609050197179345,0.10127106292278981
echo,44,0.18764352072781276,0.44958948809650595,0.01,0.07496109870780059,0.10138535459408456
echo,45,0.18763841149979016,0.44957429582150155,0.01,0.07496109870780059,0.10145108461167421
echo,46,0.18760755618417857,0.44953420456447146,0.01,0.07496109870780059,0.10152885125284886
echo,47,0.18757369371939736,0.44949251413628105,0.01,0.07496109870780059,0.10161276200011454
echo,48,0.18754332649256683,0.44945454934643464,0.01,0.07875175555783916,0.10165825409238387
echo,49,0.18750217111644368,0.44940622023158405,0.01,0.07875175555783916,0.10170872488760878
echo,50,0.18747728209816278,0.4493744659150608,0.01,0.07875175555783916,0.10175718971607893
echo,51,0.1874592740249736,0.44934991162987414,0.01,0.07875175555783916,0.10178501374221069
echo,52,0.1874759808938645,0.44935911816652324,0.01,0.07875175555783916,0.10180549416813342
echo,53,0.18747603113875463,0.4493548782266884,0.01,0.07875175555783916,0.10186578064106241
echo,54,0.18744428531898474,0.44931770568232665,0.01,0.07875175555783916,0.10190206474622483
echo,55,0.18740724564466904,0.44928934609734283,0.01,0.07875175555783916,0.10193290207522207
echo,56,0.18736168327169977,0.4492817618397422,0.01,0.07875175555783916,0.10194963187259763
echo,57,0.18732496577766614,0.4492405908559933,0.01,0.07875175555783916,0.10197820587315354
echo,58,0.18728692864984667,0.44919754977092496,0.01,0.07875175555783916,0.10200234787437232
echo,59,0.18724563217715043,0.4491522723638522,0.01,0.07875175555783916,0.10202509808654062
echo,60,0.18719672714264576,0.44909895789745413,0.01,0.07875175555783916,0.10204431443673577
echo,61,0.18715333791506839,0.4490651885214828,0.01,0.07875175555783916,0.1020617352762831
echo,62,0.18711544884943718,0.4490234375557801,0.01,0.07875175555783916,0.10207489578999276
echo,63,0.18708357656618763,0.44898772950306487,0.01,0.07875175555783916,0.10209303685152114
echo,64,0.1870636631808567,0.4489654611293357,0.01,0.07875175555783916,0.10212210176914731
echo,65,0.18702076693396882,0.44891875069263987,0.01,0.07875175555783916,0.10213388887345669
echo,66,0.18698273681197372,0.44887760227111867,0.01,0.07875175555783916,0.10215403123846915
echo,67,0.1869497520151571,0.4488415495021384,0.01,0.07875175555783916,0.10216814421840098
echo,68,0.1869051468345498,0.4487935390102234,0.01,0.07875175555783916,0.10218483929903438
echo,69,0.18687084196096318,0.44875616540873425,0.01,0.07875175555783916,0.10219558978826186
echo,70,0.18683790483766163,0.44872031423053654,0.01,0.07875175555783916,0.10220660022742706
echo,71,0.18682079569046223,0.44870168917875225,0.01,0.07875175555783916,0.10222370937462646
echo,72,0.1867866326878512,0.4486646016654106,0.01,0.07875175555783916,0.10223095586726792
echo,73,0.1867615887932451,0.44863797465305205,0.01,0.07875175555783916,0.102255999761874
echo,74,0.1867231471121845,0.4485966827684452,0.01,0.07875175555783916,0.10226514126064068
echo,75,0.18669134360017156,0.4485622781488417,0.01,0.07875175555783916,0.10227273359950054
echo,76,0.18666108571724582,0.4485295994179308,0.01,0.07875175555783916,0.1022816153862605
echo,77,0.18663795483657986,0.44850386336301445,0.01,0.07875175555783916,0.10230686019355688
echo,78,0.1866274247624999,0.44849205523489033,0.01,0.07875175555783916,0.10232664566101982
echo,79,0.18659674550993405,0.44845904709646,0.01,0.07875175555783916,0.102332811973613
echo,80,0.18657268714594413,0.44843305616207746,0.01,0.07875175555783916,0.10233657798275952
echo,81,0.18654488969692526,0.4484032621891729,0.01,0.07875175555783916,0.10234631256821348
echo,82,0.18651372802076732,0.4483701916126088,0.01,0.07875175555783916,0.10236018471757728
echo,83,0.186495378960793,0.4483506785209535,0.01,0.07875175555783916,0.10237853377755159
echo,84,0.18648309815291284,0.4483375241913046,0.01,0.07875175555783916,0.10239081458543171
echo,85,0.18645324470473232,0.44830559589231034,0.01,0.07875175555783916,0.10239334647494833
echo,86,0.186426045880894,0.44827657758562217,0.01,0.07875175555783916,0.10239907309948566
echo,87,0.18640487179682513,0.4482538972591442,0.01,0.07875175555783916,0.1024023932512899
echo,88,0.18638831164852798,0.44823638485552125,0.01,0.07875175555783916,0.10241895339958702
echo,89,0.1863729621753399,0.4482201722102723,0.01,0.07875175555783916,0.10243430287277516
echo,90,0.18633644186405798,0.44818202800652374,0.01,0.07875175555783916,0.10244514847040925
echo,91,0.18630653167574832,0.4481504967105026,0.01,0.07875175555783916,0.10245540553698333
echo,92,0.18630038544701105,0.4481439307310452,0.01,0.07875175555783916,0.1024615517657206
echo,93,0.18628552454863484,0.44812829703731866,0.01,0.07875175555783916,0.1024764126640968
echo,94,0.1862642121414365,0.44810559188334026,0.01,0.07875175555783916,0.10247664453066722
echo,95,0.186236129730241,0.4480761425789195,0.01,0.07875175555783916,0.10248762267825803
echo,96,0.18621675837274235,0.4480555686412384,0.01,0.07875175555783916,0.10248803946347362
echo,97,0.1862016940920463,0.4480397819704634,0.01,0.07875175555783916,0.10250310374416972
echo,98,0.18617813082642368,0.4480149344671658,0.01,0.07875175555783916,0.10250733025406948
echo,99,0.1861729446887375,0.4480094317620945,0.01,0.07875175555783916,0.10251251639175568
echo,100,0.18616363126083113,0.447999612475856,0.01,0.07875175555783916,0.10252182981966204
echo,101,0.1861591171062907,0.4479943620957223,0.01,0.07875175555783916,0.1025173156651216
echo,102,0.18615890745669145,0.44799376968849264,0.01,0.07875175555783916,0.10252639342759153
echo,103,0.1861542041804297,0.4479888415786497,0.01,0.07875175555783916,0.10253109670385328
echo,104,0.18614961249930015,0.44798411889518147,0.01,0.07875175555783916,0.10253568838498285
echo,105,0.18614961249930015,0.44798411889518147,0.01,0.07875175555783916,0.10253568838498285
echo,106,0.18614961249930015,0.44798411889518147,0.01,0.07875175555783916,0.10253568838498285
echo,107,0.18614961249930015,0.44798411889518147,0.01,0.07875175555783916,0.10253568838498285
echo,108,0.18614961249930015,0.44798411889518147,0.01,0.07875175555783916,0.10253568838498285
echo,109,0.18614961249930015,0.44798411889518147,0.01,0.07875175555783916,0.10253568838498285
echo,110,0.18614961249930015,0.44798411889518147,0.01,0.07875175555783916,0.10253568838498285
echo,111,0.18614961249930015,0.44798411889518147,0.01,0.07875175555783916,0.10253568838498285
echo,112,0.18614961249930015,0.44798411889518147,0.01,0.07875175555783916,0.10253568838498285
echo,113,0.18614961249930015,0.44798411889518147,0.01,0.07875175555783916,0.10253568838498285
echo,114,0.18614961249930015,0.44798411889518147,0.01,0.07875175555783916,0.10253568838498285
echo,115,0.18614961249930015,0.44798411889518147,0.01,0.07875175555783916,0.10253568838498285
echo,116,0.18614961249930015,0.44798411889518147,0.01,0.07875175555783916,0.10253568838498285
echo,117,0.18614961249930015,0.44798411889518147,0.01,0.07875175555783916,0.10253568838498285
echo,118,0.18614961249930015,0.44798411889518147,0.01,0.07875175555783916,0.10253568838498285
echo,119,0.18614961249930015,0.44798411889518147,0.01,0.07875175555783916,0.10253568838498285
echo,120,0.18614961249930015,0.44798411889518147,0.01,0.07875175555783916,0.10253568838498285
echo,121,0.18614961249930015,0.44798411889518147,0.01,0.07875175555783916,0.10253568838498285
echo,122,0.18614961249930015,0.44798411889518147,0.01,0.07875175555783916,0.10253568838498285
echo,123,0.18614961249930015,0.44798411889518147,0.01,0.07875175555783916,0.10253568838498285
echo,124,0.18614961249930015,0.44798411889518147,0.01,0.07875175555783916,0.10253568838498285
echo,125,0.18614961249930015,0.44798411889518147,0.01,0.07875175555783916,0.10253568838498285
echo,126,0.18614961249930015,0.44798411889518147,0.01,0.07875175555783916,0.10253568838498285
echo,127,0.18614961249930015,0.44798411889518147,0.01,0.07875175555783916,0.10253568838498285
echo,128,0.18614961249930015,0.44798411889518147,0.01,0.07875175555783916,0.10253568838498285
echo,129,0.18614961249930015,0.44798411889518147,0.01,0.07875175555783916,0.10253568838498285
echo,130,0.18614961249930015,0.44798411889518147,0.01,0.07875175555783916,0.10253568838498285
echo,131,0.18614961249930015,0.44798411889518147,0.01,0.07875175555783916,0.10253568838498285
echo,132,0.18614961249930015,0.44798411889518147,0.01,0.07875175555783916,0.10253568838498285
echo,133,0.18614961249930015,0.44798411889518147,0.01,0.07875175555783916,0.10253568838498285
echo,134,0.18614961249930015,0.44798411889518147,0.01,0.07875175555783916,0.10253568838498285
echo,135,0.18614961249930015,0.44798411889518147,0.01,0.07875175555783916,0.10253568838498285
echo,136,0.18614961249930015,0.44798411889518147,0.01,0.07875175555783916,0.10253568838498285
echo,137,0.18614961249930015,0.44798411889518147,0.01,0.07875175555783916,0.10253568838498285
echo,138,0.18614961249930015,0.44798411889518147,0.01,0.07875175555783916,0.10253568838498285
echo,139,0.18614961249930015,0.44798411889518147,0.01,0.07875175555783916,0.10253568838498285
echo,140,0.18614961249930015,0.44798411889518147,0.01,0.07875175555783916,0.10253568838498285
echo,141,0.18614961249930015,0.44798411889518147,0.01,0.07875175555783916,0.10253568838498285
echo,142,0.18614961249930015,0.44798411889518147,0.01,0.07875175555783916,0.10253568838498285
echo,143,0.18614961249930015,0.44798411889518147,0.01,0.07875175555783916,0.10253568838498285
echo,144,0.18614961249930015,0.44798411889518147,0.01,0.07875175555783916,0.10253568838498285
echo,145,0.18614961249930015,0.44798411889518147,0.01,0.07875175555783916,0.10253568838498285
echo,146,0.18614961249930015,0.44798411889518147,0.01,0.07875175555783916,0.10253568838498285
echo,147,0.18614961249930015,0.44798411889518147,0.01,0.07875175555783916,0.10253568838498285
echo,148,0.18614961249930015,0.44798411889518147,0.01,0.07875175555783916,0.10253568838498285
echo,149,0.18614961249930015,0.44798411889518147,0.01,0.07875175555783916,0.10253568838498285
echo,150,0.18614961249930015,0.44798411889518147,0.01,0.07875175555783916,0.10253568838498285
echo,151,0.18614961249930015,0.44798411889518147,0.01,0.07875175555783916,0.10253568838498285
echo,152,0.18614961249930015,0.44798411889518147,0.01,0.07875175555783916,0.10253568838498285
echo,153,0.18614961249930015,0.44798411889518147,0.01,0.07875175555783916,0.10253568838498285
echo,154,0.18614961249930015,0.44798411889518147,0.01,0.07875175555783916,0.10253568838498285
echo,155,0.18614961249930015,0.44798411889518147,0.01,0.07875175555783916,0.10253568838498285
echo,156,0.18614961249930015,0.44798411889518147,0.01,0.07875175555783916,0.10253568838498285
echo,157,0.18614961249930015,0.44798411889518147,0.01,0.07875175555783916,0.10253568838498285
echo,158,0.18614961249930015,0.44798411889518147,0.01,0.07875175555783916,0.10253568838498285
echo,159,0.18614961249930015,0.44798411889518147,0.01,0.07875175555783916,0.10253568838498285
echo,160,0.18614961249930015,0.44798411889518147,0.01,0.07875175555783916,0.10253568838498285
echo,161,0.18614961249930015,0.44798411889518147,0.01,0.07875175555783916,0.10253568838498285
echo,162,0.18614961249930015,0.44798411889518147,0.01,0.07875175555783916,0.10253568838498285
echo,163,0.18614961249930015,0.44798411889518147,0.01,0.07875175555783916,0.10253568838498285
echo,164,0.18614961249930015,0.44798411889518147,0.01,0.07875175555783916,0.10253568838498285
echo,165,0.18614961249930015,0.44798411889518147,0.01,0.07875175555783916,0.10253568838498285
echo,166,0.18614961249930015,0.44798411889518147,0.01,0.07875175555783916,0.10253568838498285
echo,167,0.18614961249930015,0.44798411889518147,0.01,0.07875175555783916,0.10253568838498285
echo,168,0.18614961249930015,0.44798411889518147,0.01,0.07875175555783916,0.10253568838498285
echo,169,0.18614961249930015,0.44798411889518147,0.01,0.07875175555783916,0.10253568838498285
echo,170,0.18614961249930015,0.44798411889518147,0.01,0.07875175555783916,0.10253568838498285
echo,171,0.18614961249930015,0.44798411889518147,0.01,0.07875175555783916,0.10253568838498285
echo,172,0.18614961249930015,0.44798411889518147,0.01,0.07875175555783916,0.10253568838498285
echo,173,0.18614961249930015,0.44798411889518147,0.01,0.07875175555783916,0.10253568838498285
echo,174,0.18614961249930015,0.44798411889518147,0.01,0.07875175555783916,0.10253568838498285
echo,175,0.18614961249930015,0.44798411889518147,0.01,0.07875175555783916,0.10253568838498285
echo,176,0.18614961249930015,0.44798411889518147,0.01,0.07875175555783916,0.10253568838498285
echo,177,0.18614961249930015,0.44798411889518147,0.01,0.07875175555783916,0.10253568838498285
echo,178,0.18614961249930015,0.44798411889518147,0.01,0.07875175555783916,0.10253568838498285
echo,179,0.18614961249930015,0.44798411889518147,0.01,0.07875175555783916,0.10253568838498285
echo,180,0.18614961249930015,0.44798411889518147,0.01,0.07875175555783916,0.10253568838498285
echo,181,0.18614961249930015,0.44798411889518147,0.01,0.07875175555783916,0.10253568838498285
echo,182,0.18614961249930015,0.44798411889518147,0.01,0.07875175555783916,0.10253568838498285
echo,183,0.18614961249930015,0.44798411889518147,0.01,0.07875175555783916,0.10253568838498285
echo,184,0.18614961249930015,0.44798411889518147,0.01,0.07875175555783916,0.10253568838498285
echo,185,0.18614961249930015,0.44798411889518147,0.01,0.07875175555783916,0.10253568838498285
echo,186,0.18614961249930015,0.44798411889518147,0.01,0.07875175555783916,0.10253568838498285
echo,187,0.18614961249930015,0.44798411889518147,0.01,0.07875175555783916,0.10253568838498285
echo,188,0.18614961249930015,0.44798411889518147,0.01,0.07875175555783916,0.10253568838498285
echo,189,0.18614961249930015,0.44798411889518147,0.01,0.07875175555783916,0.10253568838498285
echo,190,0.18614961249930015,0.44798411889518147,0.01,0.07875175555783916,0.10253568838498285
echo,191,0.18614961249930015,0.44798411889518147,0.01,0.07875175555783916,0.10253568838498285
echo,192,0.18614961249930015,0.44798411889518147,0.01,0.07875175555783916,0.10253568838498285
echo,193,0.18614961249930015,0.44798411889518147,0.01,0.07875175555783916,0.10253568838498285
echo,194,0.18614961249930015,0.44798411889518147,0.01,0.07875175555783916,0.10253568838498285
echo,195,0.18614961249930015,0.44798411889518147,0.01,0.07875175555783916,0.10253568838498285
echo,196,0.18614961249930015,0.44798411889518147,0.01,0.07875175555783916,0.10253568838498285
echo,197,0.18614961249930015,0.44798411889518147,0.01,0.07875175555783916,0.10253568838498285
echo,198,0.18614961249930015,0.44798411889518147,0.01,0.07875175555783916,0.10253568838498285
echo,199,0.18614961249930015,0.44798411889518147,0.01,0.07875175555783916,0.10253568838498285
echo,200,0.18614961249930015,0.44798411889518147,0.01,0.07875175555783916,0.10253568838498285
echo,201,0.18614961249930015,0.44798411889518147,0.01,0.07875175555783916,0.10253568838498285
echo,202,0.18614961249930015,0.44798411889518147,0.01,0.07875175555783916,0.10253568838498285
echo,203,0.18614961249930015,0.44798411889518147,0.01,0.07875175555783916,0.10253568838498285
echo,204,0.18614961249930015,0.44798411889518147,0.01,0.07875175555783916,0.10253568838498285
echo,205,0.18614961249930015,0.44798411889518147,0.01,0.07875175555783916,0.10253568838498285
echo,206,0.18614961249930015,0.44798411889518147,0.01,0.07875175555783916,0.10253568838498285
echo,207,0.18614961249930015,0.44798411889518147,0.01,0.07875175555783916,0.10253568838498285
echo,208,0.18614961249930015,0.44798411889518147,0.01,0.07875175555783916,0.10253568838498285
echo,209,0.18614961249930015,0.44798411889518147,0.01,0.07875175555783916,0.10253568838498285
echo,210,0.18614961249930015,0.44798411889518147,0.01,0.07875175555783916,0.10253568838498285
echo,211,0.18614961249930015,0.44798411889518147,0.01,0.07875175555783916,0.10253568838498285
echo,212,0.18614961249930015,0.44798411889518147,0.01,0.07875175555783916,0.10253568838498285
echo,213,0.18614961249930015,0.44798411889518147,0.01,0.07875175555783916,0.10253568838498285
echo,214,0.18614961249930015,0.44798411889518147,0.01,0.07875175555783916,0.10253568838498285
echo,215,0.18614961249930015,0.44798411889518147,0.01,0.07875175555783916,0.10253568838498285
echo,216,0.18614961249930015,0.44798411889518147,0.01,0.07875175555783916,0.10253568838498285
echo,217,0.18614961249930015,0.44798411889518147,0.01,0.07875175555783916,0.10253568838498285
echo,218,0.18614961249930015,0.44798411889518147,0.01,0.07875175555783916,0.10253568838498285
echo,219,0.18614961249930015,0.44798411889518147,0.01,0.07875175555783916,0.10253568838498285
echo,220,0.18614961249930015,0.44798411889518147,0.01,0.07875175555783916,0.10253568838498285
echo,221,0.18614961249930015,0.44798411889518147,0.01,0.07875175555783916,0.10253568838498285
echo,222,0.18614961249930015,0.44798411889518147,0.01,0.07875175555783916,0.10253568838498285
echo,223,0.18614961249930015,0.44798411889518147,0.01,0.07875175555783916,0.10253568838498285
echo,224,0.18614961249930015,0.44798411889518147,0.01,0.07875175555783916,0.10253568838498285
echo,225,0.18614961249930015,0.44798411889518147,0.01,0.07875175555783916,0.10253568838498285
echo,226,0.18614961249930015,0.44798411889518147,0.01,0.07875175555783916,0.10253568838498285
echo,227,0.18614961249930015,0.44798411889518147,0.01,0.07875175555783916,0.10253568838498285
echo,228,0.18614961249930015,0.44798411889518147,0.01,0.07875175555783916,0.10253568838498285
echo,229,0.18614961249930015,0.44798411889518147,0.01,0.07875175555783916,0.10253568838498285
echo,230,0.18614961249930015,0.44798411889518147,0.01,0.07875175555783916,0.10253568838498285
echo,231,0.18614961249930015,0.44798411889518147,0.01,0.07875175555783916,0.10253568838498285
echo,232,0.18614961249930015,0.44798411889518147,0.01,0.07875175555783916,0.10253568838498285
echo,233,0.18614961249930015,0.44798411889518147,0.01,0.07875175555783916,0.10253568838498285
echo,234,0.18614961249930015,0.44798411889518147,0.01,0.07875175555783916,0.10253568838498285
echo,235,0.18614961249930015,0.44798411889518147,0.01,0.07875175555783916,0.10253568838498285
echo,236,0.18614961249930015,0.44798411889518147,0.01,0.07875175555783916,0.10253568838498285
echo,237,0.18614961249930015,0.44798411889518147,0.01,0.07875175555783916,0.10253568838498285
echo,238,0.18614961249930015,0.44798411889518147,0.01,0.07875175555783916,0.10253568838498285
echo,239,0.18614961249930015,0.44798411889518147,0.01,0.07875175555783916,0.10253568838498285
echo,240,0.18614961249930015,0.44798411889518147,0.01,0.07875175555783916,0.10253568838498285
echo,241,0.18614961249930015,0.44798411889518147,0.01,0.07875175555783916,0.10253568838498285
echo,242,0.18614961249930015,0.44798411889518147,0.01,0.07875175555783916,0.10253568838498285
echo,243,0.18614961249930015,0.44798411889518147,0.01,0.07875175555783916,0.10253568838498285
echo,244,0.18614961249930015,0.44798411889518147,0.01,0.07875175555783916,0.10253568838498285
echo,245,0.18614961249930015,0.44798411889518147,0.01,0.07875175555783916,0.10253568838498285
echo,246,0.18614961249930015,0.44798411889518147,0.01,0.07875175555783916,0.10253568838498285
echo,247,0.18614961249930015,0.44798411889518147,0.01,0.07875175555783916,0.10253568838498285
echo,248,0.18614961249930015,0.44798411889518147,0.01,0.07875175555783916,0.10253568838498285
echo,249,0.18614961249930015,0.44798411889518147,0.01,0.07875175555783916,0.10253568838498285
echo,250,0.18614961249930015,0.44798411889518147,0.01,0.07875175555783916,0.10253568838498285
echo,251,0.18614961249930015,0.44798411889518147,0.01,0.07875175555783916,0.10253568838498285
echo,252,0.18614961249930015,0.44798411889518147,0.01,0.07875175555783916,0.10253568838498285
echo,253,0.18614961249930015,0.44798411889518147,0.01,0.07875175555783916,0.10253568838498285
echo,254,0.18614961249930015,0.44798411889518147,0.01,0.07875175555783916,0.10253568838498285
echo,255,0.18614961249930015,0.44798411889518147,0.01,0.07875175555783916,0.10253568838498285
echo,256,0.18614961249930015,0.44798411889518147,0.01,0.07875175555783916,0.10253568838498285
echo,257,0.18614961249930015,0.44798411889518147,0.01,0.07875175555783916,0.10253568838498285
echo,258,0.18614961249930015,0.44798411889518147,0.01,0.07875175555783916,0.10253568838498285
echo,259,0.18614961249930015,0.44798411889518147,0.01,0.07875175555783916,0.10253568838498285
echo,260,0.18614961249930015,0.44798411889518147,0.01,0.07875175555783916,0.10253568838498285
echo,261,0.18614961249930015,0.44798411889518147,0.01,0.07875175555783916,0.10253568838498285
echo,262,0.18614961249930015,0.44798411889518147,0.01,0.07875175555783916,0.10253568838498285
echo,263,0.18614961249930015,0.44798411889518147,0.01,0.07875175555783916,0.10253568838498285
echo,264,0.18614961249930015,0.44798411889518147,0.01,0.07875175555783916,0.10253568838498285
echo,265,0.18614961249930015,0.44798411889518147,0.01,0.07875175555783916,0.10253568838498285
echo,266,0.18614961249930015,0.44798411889518147,0.01,0.07875175555783916,0.10253568838498285
echo,267,0.18614961249930015,0.44798411889518147,0.01,0.07875175555783916,0.10253568838498285
echo,268,0.18614961249930015,0.44798411889518147,0.01,0.07875175555783916,0.10253568838498285
echo,269,0.18614961249930015,0.44798411889518147,0.01,0.07875175555783916,0.10253568838498285
echo,270,0.18614961249930015,0.44798411889518147,0.01,0.07875175555783916,0.10253568838498285
echo,271,0.18614961249930015,0.44798411889518147,0.01,0.07875175555783916,0.10253568838498285
echo,272,0.18614961249930015,0.44798411889518147,0.01,0.07875175555783916,0.10253568838498285
echo,273,0.18614961249930015,0.44798411889518147,0.01,0.07875175555783916,0.10253568838498285
echo,274,0.18614961249930015,0.44798411889518147,0.01,0.07875175555783916,0.10253568838498285
echo,275,0.18614961249930015,0.44798411889518147,0.01,0.07875175555783916,0.10253568838498285
echo,276,0.18614961249930015,0.44798411889518147,0.01,0.07875175555783916,0.10253568838498285
echo,277,0.18614961249930015,0.44798411889518147,0.01,0.07875175555783916,0.10253568838498285
echo,278,0.18614961249930015,0.44798411889518147,0.01,0.07875175555783916,0.10253568838498285
echo,279,0.18614961249930015,0.44798411889518147,0.01,0.07875175555783916,0.10253568838498285
echo,280,0.18614961249930015,0.44798411889518147,0.01,0.07875175555783916,0.10253568838498285
echo,281,0.18614961249930015,0.44798411889518147,0.01,0.07875175555783916,0.10253568838498285
echo,282,0.18614961249930015,0.44798411889518147,0.01,0.07875175555783916,0.10253568838498285
echo,283,0.18614961249930015,0.44798411889518147,0.01,0.07875175555783916,0.10253568838498285
echo,284,0.18614961249930015,0.44798411889518147,0.01,0.07875175555783916,0.10253568838498285
echo,285,0.18614961249930015,0.44798411889518147,0.01,0.07875175555783916,0.10253568838498285
echo,286,0.18614961249930015,0.44798411889518147,0.01,0.07875175555783916,0.10253568838498285
echo,287,0.18614961249930015,0.44798411889518147,0.01,0.07875175555783916,0.10253568838498285
echo,288,0.18614961249930015,0.44798411889518147,0.01,0.07875175555783916,0.10253568838498285
echo,289,0.18614961249930015,0.44798411889518147,0.01,0.07875175555783916,0.10253568838498285
echo,290,0.18614961249930015,0.44798411889518147,0.01,0.07875175555783916,0.10253568838498285
echo,291,0.18614961249930015,0.44798411889518147,0.01,0.07875175555783916,0.10253568838498285
echo,292,0.18614961249930015,0.44798411889518147,0.01,0.07875175555783916,0.10253568838498285
echo,293,0.18614961249930015,0.44798411889518147,0.01,0.07875175555783916,0.10253568838498285
echo,294,0.18614961249930015,0.44798411889518147,0.01,0.07875175555783916,0.10253568838498285
echo,295,0.18614961249930015,0.44798411889518147,0.01,0.07875175555783916,0.10253568838498285
echo,296,0.18614961249930015,0.44798411889518147,0.01,0.07875175555783916,0.10253568838498285
echo,297,0.18614961249930015,0.44798411889518147,0.01,0.07875175555783916,0.10253568838498285
echo,298,0.18614961249930015,0.44798411889518147,0.01,0.07875175555783916,0.10253568838498285
echo,299,0.18614961249930015,0.44798411889518147,0.01,0.07875175555783916,0.10253568838498285
curated,0,0.1850173657969656,0.4703310936297735,0.11,-0.03755891642968891,0.0
curated,1,0.18672719355134326,0.4633644858649064,0.06,-0.03873759148942636,0.015345052150932839
curated,2,0.18770290506257098,0.45916614823083635,0.03,-0.0338118644241722,0.026177156525829134
curated,3,0.18881668998693044,0.4541677737011709,0.0,-0.03529703430537041,0.037877563557488954
curated,4,0.1881435244714191,0.4498597111518185,0.0,-0.0412551206635911,0.04652792079883611
curated,5,0.1884994734384151,0.4473079142130592,0.0,-0.04378413888227309,0.05467696299375117
curated,6,0.18971120225641183,0.4451636811310067,0.0,-0.041687893801852595,0.06426657389180265
curated,7,0.191635210696338,0.4432257353850493,0.0,-0.036063363667003696,0.07380002660016168
curated,8,0.1929976027846465,0.44150733814121146,0.0,-0.054902529869878494,0.08132446553127252
curated,9,0.19378319217578469,0.43984541880485517,0.0,-0.06467946145345997,0.08890116345762937
curated,10,0.19405932859259464,0.43789537170425896,0.0,-0.05075923752263902,0.09516897052507294
curated,11,0.19447747585229574,0.43618396824952205,0.0,-0.047234603654837226,0.10160718470267671
curated,12,0.19464942400420365,0.4345218124248122,0.0,-0.05071594603313793,0.10682506022469691
curated,13,0.1960903048030863,0.4332601732817767,0.0,-0.03513264420506176,0.11405353020454473
curated,14,0.19822040573151928,0.43231724169418284,0.0,-0.039047582987607965,0.12175095015921027
curated,15,0.19943229598825143,0.43064430074103427,0.0,-0.04423989294837996,0.12930879884657503
curated,16,0.20022408453517632,0.42934304142178326,0.0,-0.03971930281592684,0.13680808088505508
curated,17,0.20104557889067542,0.4286092329977818,0.0,-0.043586787890344036,0.14300822036273383
curated,18,0.20147748413222566,0.42785084692981334,0.0,-0.027768692458897584,0.14922946696144782
curated,19,0.20252760493577526,0.4279116086244615,0.0,-0.04828950817130412,0.15426526713436314
curated,20,0.20355770190645356,0.4281057392338638,0.0,-0.054024641285297686,0.1584345600454749
curated,21,0.203449561499339,0.4275943525449869,0.0,-0.054024641285297686,0.16182633140602845
curated,22,0.20373354242870378,0.4275684093627587,0.0,-0.054024641285297686,0.1646836940717841
curated,23,0.20391624069442457,0.42756390946221523,0.0,-0.054024641285297686,0.16670794107818207
curated,24,0.2039585041198376,0.4274773398905076,0.0,-0.054024641285297686,0.16842274941476898
curated,25,0.20389568910561415,0.42734319115726804,0.0,-0.054024641285297686,0.16998906440111403
curated,26,0.2040289149985533,0.4274193372145646,0.0,-0.054024641285297686,0.17111494464658986
curated,27,0.20389600200793198,0.42729137267588624,0.0,-0.054024641285297686,0.17214265370889265
curated,28,0.20391356982732933,0.42729100854453894,0.0,-0.054024641285297686,0.1729331002866679
curated,29,0.2039074530073651,0.4272762924440133,0.0,-0.054024641285297686,0.17353065250746474
curated,30,0.20395049600733742,0.42730711390656606,0.0,-0.054024641285297686,0.1739865667911668
curated,31,0.20395665569204544,0.4272963322520893,0.0,-0.054024641285297686,0.1743398167058573
curated,32,0.20397429081751098,0.42730925472408887,0.0,-0.054024641285297686,0.17456614201560602
curated,33,0.204027268981429,0.42735329365048147,0.0,-0.054024641285297686,0.17473975723002752
curated,34,0.2041083577758908,0.42740926031140475,0.0,-0.054024641285297686,0.1748690491063645
curated,35,0.2041703757445976,0.4274618300911348,0.0,-0.054024641285297686,0.1749628816019956
curated,36,0.20418430450175953,0.4274734977282452,0.0,-0.054024641285297686,0.17501535509857816
curated,37,0.20421816480632643,0.42750227008346803,0.0,-0.054024641285297686,0.17506675163475946
curated,38,0.20423217309988362,0.4275141625859037,0.0,-0.054024641285297686,0.17508958133637162
curated,39,0.204257509531201,0.42753573380270005,0.0,-0.054024641285297686,0.1751257881286376
curated,40,0.2042521071559034,0.4275310950812131,0.0,-0.054024641285297686,0.17513119050393525
curated,41,0.20426097523863043,0.4275386643425045,0.0,-0.054024641285297686,0.17514005858666226
curated,42,0.20427435719973872,0.427537560501928,0.0,-0.054024641285297686,0.17515344054777057
curated,43,0.20428358381990666,0.42754543196190425,0.0,-0.054024641285297686,0.17516266716793855
curated,44,0.20428783620903385,0.4275490615175228,0.0,-0.054024641285297686,0.17516691955706573
curated,45,0.20430126551766803,0.42754720602182017,0.0,-0.054024641285297686,0.1751803488656999
curated,46,0.204310767857651,0.42754063958412075,0.0,-0.054024641285297686,0.17518985120568284
curated,47,0.204310767857651,0.42754063958412075,0.0,-0.054024641285297686,0.17518985120568284
curated,48,0.20430612744583065,0.427536654867776,0.0,-0.054024641285297686,0.1751944916175032
curated,49,0.20431084856553738,0.4275406836264789,0.0,-0.054024641285297686,0.17519921273720993
curated,50,0.20431084856553738,0.4275406836264789,0.0,-0.054024641285297686,0.17519921273720993
curated,51,0.20431084856553738,0.4275406836264789,0.0,-0.054024641285297686,0.17519921273720993
curated,52,0.20431084856553738,0.4275406836264789,0.0,-0.054024641285297686,0.17519921273720993
curated,53,0.20431084856553738,0.4275406836264789,0.0,-0.054024641285297686,0.17519921273720993
curated,54,0.20431084856553738,0.4275406836264789,0.0,-0.054024641285297686,0.17519921273720993
curated,55,0.20431084856553738,0.4275406836264789,0.0,-0.054024641285297686,0.17519921273720993
curated,56,0.20431513416122443,0.42753211204216224,0.0,-0.054024641285297686,0.17520349833289697
curated,57,0.20431513416122443,0.42753211204216224,0.0,-0.054024641285297686,0.17520349833289697
curated,58,0.20431513416122443,0.42753211204216224,0.0,-0.054024641285297686,0.17520349833289697
curated,59,0.20431513416122443,0.42753211204216224,0.0,-0.054024641285297686,0.17520349833289697
curated,60,0.20431513416122443,0.42753211204216224,0.0,-0.054024641285297686,0.17520349833289697
curated,61,0.20431964952082013,0.427535966687095,0.0,-0.054024641285297686,0.17520801369249261
curated,62,0.20431538910138236,0.4275323103750977,0.0,-0.054024641285297686,0.17521227411193036
curated,63,0.20431538910138236,0.4275323103750977,0.0,-0.054024641285297686,0.17521227411193036
curated,64,0.20432421235646153,0.4275271795689716,0.0,-0.054024641285297686,0.17522109736700953
curated,65,0.20432421235646153,0.4275271795689716,0.0,-0.054024641285297686,0.17522109736700953
curated,66,0.20432421235646153,0.4275271795689716,0.0,-0.054024641285297686,0.17522109736700953
curated,67,0.20432421235646153,0.4275271795689716,0.0,-0.054024641285297686,0.17522109736700953
curated,68,0.20432421235646153,0.4275271795689716,0.0,-0.054024641285297686,0.17522109736700953
curated,69,0.2043285841190766,0.4275309127173321,0.0,-0.054024641285297686,0.17522546912962458
curated,70,0.2043285841190766,0.4275309127173321,0.0,-0.054024641285297686,0.17522546912962458
curated,71,0.2043285841190766,0.4275309127173321,0.0,-0.054024641285297686,0.17522546912962458
curated,72,0.2043285841190766,0.4275309127173321,0.0,-0.054024641285297686,0.17522546912962458
curated,73,0.2043285841190766,0.4275309127173321,0.0,-0.054024641285297686,0.17522546912962458
curated,74,0.2043285841190766,0.4275309127173321,0.0,-0.054024641285297686,0.17522546912962458
curated,75,0.2043285841190766,0.4275309127173321,0.0,-0.054024641285297686,0.17522546912962458
curated,76,0.20432855154886304,0.427518732047183,0.0,-0.054024641285297686,0.17523400657269872
curated,77,0.20432855154886304,0.427518732047183,0.0,-0.054024641285297686,0.17523400657269872
curated,78,0.20432855154886304,0.427518732047183,0.0,-0.054024641285297686,0.17523400657269872
curated,79,0.20432855154886304,0.427518732047183,0.0,-0.054024641285297686,0.17523400657269872
curated,80,0.20432855154886304,0.427518732047183,0.0,-0.054024641285297686,0.17523400657269872
curated,81,0.2043328438811252,0.427510149377521,0.0,-0.054024641285297686,0.17523829890496084
curated,82,0.2043328438811252,0.427510149377521,0.0,-0.054024641285297686,0.17523829890496084
curated,83,0.20433711308077654,0.42751379363904773,0.0,-0.054024641285297686,0.17524256810461214
curated,84,0.20433711308077654,0.42751379363904773,0.0,-0.054024641285297686,0.17524256810461214
curated,85,0.20433711308077654,0.42751379363904773,0.0,-0.054024641285297686,0.17524256810461214
curated,86,0.20433711308077654,0.42751379363904773,0.0,-0.054024641285297686,0.17524256810461214
curated,87,0.20433711308077654,0.42751379363904773,0.0,-0.054024641285297686,0.17524256810461214
curated,88,0.20433711308077654,0.42751379363904773,0.0,-0.054024641285297686,0.17524256810461214
curated,89,0.20433711308077654,0.42751379363904773,0.0,-0.054024641285297686,0.17524256810461214
curated,90,0.20433711308077654,0.42751379363904773,0.0,-0.054024641285297686,0.17524256810461214
curated,91,0.20433711308077654,0.42751379363904773,0.0,-0.054024641285297686,0.17524256810461214
curated,92,0.20433711308077654,0.42751379363904773,0.0,-0.054024641285297686,0.17524256810461214
curated,93,0.20433711308077654,0.42751379363904773,0.0,-0.054024641285297686,0.17524256810461214
curated,94,0.20433711308077654,0.42751379363904773,0.0,-0.054024641285297686,0.17524256810461214
curated,95,0.20433711308077654,0.42751379363904773,0.0,-0.054024641285297686,0.17524256810461214
curated,96,0.20433711308077654,0.42751379363904773,0.0,-0.054024641285297686,0.17524256810461214
curated,97,0.20433711308077654,0.42751379363904773,0.0,-0.054024641285297686,0.17524256810461214
curated,98,0.20433711308077654,0.42751379363904773,0.0,-0.054024641285297686,0.17524256810461214
curated,99,0.20433711308077654,0.42751379363904773,0.0,-0.054024641285297686,0.17524256810461214
curated,100,0.20433711308077654,0.42751379363904773,0.0,-0.054024641285297686,0.17524256810461214
curated,101,0.20433711308077654,0.42751379363904773,0.0,-0.054024641285297686,0.17524256810461214
curated,102,0.20433711308077654,0.42751379363904773,0.0,-0.054024641285297686,0.17524256810461214
curated,103,0.20433711308077654,0.42751379363904773,0.0,-0.054024641285297686,0.17524256810461214
curated,104,0.20433711308077654,0.42751379363904773,0.0,-0.054024641285297686,0.17524256810461214
curated,105,0.20433711308077654,0.42751379363904773,0.0,-0.054024641285297686,0.17524256810461214
curated,106,0.20433711308077654,0.42751379363904773,0.0,-0.054024641285297686,0.17524256810461214
curated,107,0.20433711308077654,0.42751379363904773,0.0,-0.054024641285297686,0.17524256810461214
curated,108,0.20433711308077654,0.42751379363904773,0.0,-0.054024641285297686,0.17524256810461214
curated,109,0.20433711308077654,0.42751379363904773,0.0,-0.054024641285297686,0.17524256810461214
curated,110,0.20433711308077654,0.42751379363904773,0.0,-0.054024641285297686,0.17524256810461214
curated,111,0.20433711308077654,0.42751379363904773,0.0,-0.054024641285297686,0.17524256810461214
curated,112,0.20433711308077654,0.42751379363904773,0.0,-0.054024641285297686,0.17524256810461214
curated,113,0.20433711308077654,0.42751379363904773,0.0,-0.054024641285297686,0.17524256810461214
curated,114,0.20433711308077654,0.42751379363904773,0.0,-0.054024641285297686,0.17524256810461214
curated,115,0.20433711308077654,0.42751379363904773,0.0,-0.054024641285297686,0.17524256810461214
curated,116,0.20434147833481275,0.42751752065800575,0.0,-0.054024641285297686,0.17524693335864838
curated,117,0.20434147833481275,0.42751752065800575,0.0,-0.054024641285297686,0.17524693335864838
curated,118,0.20434147833481275,0.42751752065800575,0.0,-0.054024641285297686,0.17524693335864838
curated,119,0.20434147833481275,0.42751752065800575,0.0,-0.054024641285297686,0.17524693335864838
curated,120,0.20434147833481275,0.42751752065800575,0.0,-0.054024641285297686,0.17524693335864838
curated,121,0.20434147833481275,0.42751752065800575,0.0,-0.054024641285297686,0.17524693335864838
curated,122,0.20434147833481275,0.42751752065800575,0.0,-0.054024641285297686,0.17524693335864838
curated,123,0.20434147833481275,0.42751752065800575,0.0,-0.054024641285297686,0.17524693335864838
curated,124,0.20434147833481275,0.42751752065800575,0.0,-0.054024641285297686,0.17524693335864838
curated,125,0.20434147833481275,0.42751752065800575,0.0,-0.054024641285297686,0.17524693335864838
curated,126,0.20434147833481275,0.42751752065800575,0.0,-0.054024641285297686,0.17524693335864838
curated,127,0.20434147833481275,0.42751752065800575,0.0,-0.054024641285297686,0.17524693335864838
curated,128,0.20434147833481275,0.42751752065800575,0.0,-0.054024641285297686,0.17524693335864838
curated,129,0.20434147833481275,0.42751752065800575,0.0,-0.054024641285297686,0.17524693335864838
curated,130,0.20434147833481275,0.42751752065800575,0.0,-0.054024641285297686,0.17524693335864838
curated,131,0.20434147833481275,0.42751752065800575,0.0,-0.054024641285297686,0.17524693335864838
curated,132,0.20433719252797986,0.4275138434901262,0.0,-0.054024641285297686,0.17525121916548125
curated,133,0.20433719252797986,0.4275138434901262,0.0,-0.054024641285297686,0.17525121916548125
curated,134,0.20433719252797986,0.4275138434901262,0.0,-0.054024641285297686,0.17525121916548125
curated,135,0.20434169980439193,0.4275176926496491,0.0,-0.054024641285297686,0.17525572644189338
curated,136,0.20434169980439193,0.4275176926496491,0.0,-0.054024641285297686,0.17525572644189338
curated,137,0.20434169980439193,0.4275176926496491,0.0,-0.054024641285297686,0.17525572644189338
curated,138,0.20434169980439193,0.4275176926496491,0.0,-0.054024641285297686,0.17525572644189338
curated,139,0.20434169980439193,0.4275176926496491,0.0,-0.054024641285297686,0.17525572644189338
curated,140,0.20434169980439193,0.4275176926496491,0.0,-0.054024641285297686,0.17525572644189338
curated,141,0.20434169980439193,0.4275176926496491,0.0,-0.054024641285297686,0.17525572644189338
curated,142,0.20434169980439193,0.4275176926496491,0.0,-0.054024641285297686,0.17525572644189338
curated,143,0.20434169980439193,0.4275176926496491,0.0,-0.054024641285297686,0.17525572644189338
curated,144,0.20434169980439193,0.4275176926496491,0.0,-0.054024641285297686,0.17525572644189338
curated,145,0.2043504302737334,0.4275251483328033,0.0,-0.054024641285297686,0.17526445691123477
curated,146,0.2043504302737334,0.4275251483328033,0.0,-0.054024641285297686,0.17526445691123477
curated,147,0.2043504302737334,0.4275251483328033,0.0,-0.054024641285297686,0.17526445691123477
curated,148,0.2043504302737334,0.4275251483328033,0.0,-0.054024641285297686,0.17526445691123477
curated,149,0.2043504302737334,0.4275251483328033,0.0,-0.054024641285297686,0.17526445691123477
curated,150,0.2043504302737334,0.4275251483328033,0.0,-0.054024641285297686,0.17526445691123477
curated,151,0.2043504302737334,0.4275251483328033,0.0,-0.054024641285297686,0.17526445691123477
curated,152,0.2043504302737334,0.4275251483328033,0.0,-0.054024641285297686,0.17526445691123477
curated,153,0.2043504302737334,0.4275251483328033,0.0,-0.054024641285297686,0.17526445691123477
curated,154,0.2043504302737334,0.4275251483328033,0.0,-0.054024641285297686,0.17526445691123477
curated,155,0.2043504302737334,0.4275251483328033,0.0,-0.054024641285297686,0.17526445691123477
curated,156,0.2043504302737334,0.4275251483328033,0.0,-0.054024641285297686,0.17526445691123477
curated,157,0.2043504302737334,0.4275251483328033,0.0,-0.054024641285297686,0.17526445691123477
curated,158,0.2043504302737334,0.4275251483328033,0.0,-0.054024641285297686,0.17526445691123477
curated,159,0.2043504302737334,0.4275251483328033,0.0,-0.054024641285297686,0.17526445691123477
curated,160,0.2043504302737334,0.4275251483328033,0.0,-0.054024641285297686,0.17526445691123477
curated,161,0.2043504302737334,0.4275251483328033,0.0,-0.054024641285297686,0.17526445691123477
curated,162,0.2043504302737334,0.4275251483328033,0.0,-0.054024641285297686,0.17526445691123477
curated,163,0.2043504302737334,0.4275251483328033,0.0,-0.054024641285297686,0.17526445691123477
curated,164,0.2043504302737334,0.4275251483328033,0.0,-0.054024641285297686,0.17526445691123477
curated,165,0.20435469551204605,0.42751662010466135,0.0,-0.054024641285297686,0.17526872214954747
curated,166,0.20435469551204605,0.42751662010466135,0.0,-0.054024641285297686,0.17526872214954747
curated,167,0.20435469551204605,0.42751662010466135,0.0,-0.054024641285297686,0.17526872214954747
curated,168,0.20435469551204605,0.42751662010466135,0.0,-0.054024641285297686,0.17526872214954747
curated,169,0.20435042851552118,0.42752513655308083,0.0,-0.054024641285297686,0.17527298914607234
curated,170,0.20435042851552118,0.42752513655308083,0.0,-0.054024641285297686,0.17527298914607234
curated,171,0.20435042851552118,0.42752513655308083,0.0,-0.054024641285297686,0.17527298914607234
curated,172,0.20435042851552118,0.42752513655308083,0.0,-0.054024641285297686,0.17527298914607234
curated,173,0.20435482368948463,0.4275288908153513,0.0,-0.054024641285297686,0.17527738432003578
curated,174,0.20435482368948463,0.4275288908153513,0.0,-0.054024641285297686,0.17527738432003578
curated,175,0.20435482368948463,0.4275288908153513,0.0,-0.054024641285297686,0.17527738432003578
curated,176,0.20435482368948463,0.4275288908153513,0.0,-0.054024641285297686,0.17527738432003578
curated,177,0.20435482368948463,0.4275288908153513,0.0,-0.054024641285297686,0.17527738432003578
curated,178,0.20435482368948463,0.4275288908153513,0.0,-0.054024641285297686,0.17527738432003578
curated,179,0.20435482368948463,0.4275288908153513,0.0,-0.054024641285297686,0.17527738432003578
curated,180,0.20435482368948463,0.4275288908153513,0.0,-0.054024641285297686,0.17527738432003578
curated,181,0.20435482368948463,0.4275288908153513,0.0,-0.054024641285297686,0.17527738432003578
curated,182,0.20435482368948463,0.4275288908153513,0.0,-0.054024641285297686,0.17527738432003578
curated,183,0.20435482368948463,0.4275288908153513,0.0,-0.054024641285297686,0.17527738432003578
curated,184,0.20435482368948463,0.4275288908153513,0.0,-0.054024641285297686,0.17527738432003578
curated,185,0.20435482368948463,0.4275288908153513,0.0,-0.054024641285297686,0.17527738432003578
curated,186,0.20435482368948463,0.4275288908153513,0.0,-0.054024641285297686,0.17527738432003578
curated,187,0.20435909158944143,0.42752035783074355,0.0,-0.054024641285297686,0.17528165221999256
curated,188,0.20435909158944143,0.42752035783074355,0.0,-0.054024641285297686,0.17528165221999256
curated,189,0.20435909158944143,0.42752035783074355,0.0,-0.054024641285297686,0.17528165221999256
curated,190,0.20435909158944143,0.42752035783074355,0.0,-0.054024641285297686,0.17528165221999256
curated,191,0.20435909158944143,0.42752035783074355,0.0,-0.054024641285297686,0.17528165221999256
curated,192,0.20435909158944143,0.42752035783074355,0.0,-0.054024641285297686,0.17528165221999256
curated,193,0.20435909158944143,0.42752035783074355,0.0,-0.054024641285297686,0.17528165221999256
curated,194,0.20435909158944143,0.42752035783074355,0.0,-0.054024641285297686,0.17528165221999256
curated,195,0.20435909158944143,0.42752035783074355,0.0,-0.054024641285297686,0.17528165221999256
curated,196,0.20435909158944143,0.42752035783074355,0.0,-0.054024641285297686,0.17528165221999256
curated,197,0.20435909158944143,0.42752035783074355,0.0,-0.054024641285297686,0.17528165221999256
curated,198,0.20435909158944143,0.42752035783074355,0.0,-0.054024641285297686,0.17528165221999256
curated,199,0.20435909158944143,0.42752035783074355,0.0,-0.054024641285297686,0.17528165221999256
curated,200,0.20435909158944143,0.42752035783074355,0.0,-0.054024641285297686,0.17528165221999256
curated,201,0.20435909158944143,0.42752035783074355,0.0,-0.054024641285297686,0.17528165221999256
curated,202,0.20435909158944143,0.42752035783074355,0.0,-0.054024641285297686,0.17528165221999256
curated,203,0.20435909158944143,0.42752035783074355,0.0,-0.054024641285297686,0.17528165221999256
curated,204,0.20435909158944143,0.42752035783074355,0.0,-0.054024641285297686,0.17528165221999256
curated,205,0.20435909158944143,0.42752035783074355,0.0,-0.054024641285297686,0.17528165221999256
curated,206,0.20435909158944143,0.42752035783074355,0.0,-0.054024641285297686,0.17528165221999256
curated,207,0.20435909158944143,0.42752035783074355,0.0,-0.054024641285297686,0.17528165221999256
curated,208,0.20435909158944143,0.42752035783074355,0.0,-0.054024641285297686,0.17528165221999256
curated,209,0.20435909158944143,0.42752035783074355,0.0,-0.054024641285297686,0.17528165221999256
curated,210,0.20435909158944143,0.42752035783074355,0.0,-0.054024641285297686,0.17528165221999256
curated,211,0.20435909158944143,0.42752035783074355,0.0,-0.054024641285297686,0.17528165221999256
curated,212,0.20435909158944143,0.42752035783074355,0.0,-0.054024641285297686,0.17528165221999256
curated,213,0.20435909158944143,0.42752035783074355,0.0,-0.054024641285297686,0.17528165221999256
curated,214,0.20435909158944143,0.42752035783074355,0.0,-0.054024641285297686,0.17528165221999256
curated,215,0.20435909158944143,0.42752035783074355,0.0,-0.054024641285297686,0.17528165221999256
curated,216,0.20435909158944143,0.42752035783074355,0.0,-0.054024641285297686,0.17528165221999256
curated,217,0.20435909158944143,0.42752035783074355,0.0,-0.054024641285297686,0.17528165221999256
curated,218,0.20435909158944143,0.42752035783074355,0.0,-0.054024641285297686,0.17528165221999256
curated,219,0.20435909158944143,0.42752035783074355,0.0,-0.054024641285297686,0.17528165221999256
curated,220,0.20435909158944143,0.42752035783074355,0.0,-0.054024641285297686,0.17528165221999256
curated,221,0.20435909158944143,0.42752035783074355,0.0,-0.054024641285297686,0.17528165221999256
curated,222,0.20435909158944143,0.42752035783074355,0.0,-0.054024641285297686,0.17528165221999256
curated,223,0.20435909158944143,0.42752035783074355,0.0,-0.054024641285297686,0.17528165221999256
curated,224,0.20435909158944143,0.42752035783074355,0.0,-0.054024641285297686,0.17528165221999256
curated,225,0.20435909158944143,0.42752035783074355,0.0,-0.054024641285297686,0.17528165221999256
curated,226,0.20435909158944143,0.42752035783074355,0.0,-0.054024641285297686,0.17528165221999256
curated,227,0.20435909158944143,0.42752035783074355,0.0,-0.054024641285297686,0.17528165221999256
curated,228,0.20435909158944143,0.42752035783074355,0.0,-0.054024641285297686,0.17528165221999256
curated,229,0.20435909158944143,0.42752035783074355,0.0,-0.054024641285297686,0.17528165221999256
curated,230,0.20435909158944143,0.42752035783074355,0.0,-0.054024641285297686,0.17528165221999256
curated,231,0.20435909158944143,0.42752035783074355,0.0,-0.054024641285297686,0.17528165221999256
curated,232,0.20435909158944143,0.42752035783074355,0.0,-0.054024641285297686,0.17528165221999256
curated,233,0.20435909158944143,0.42752035783074355,0.0,-0.054024641285297686,0.17528165221999256
curated,234,0.20435909158944143,0.42752035783074355,0.0,-0.054024641285297686,0.17528165221999256
curated,235,0.20435909158944143,0.42752035783074355,0.0,-0.054024641285297686,0.17528165221999256
curated,236,0.20435909158944143,0.42752035783074355,0.0,-0.054024641285297686,0.17528165221999256
curated,237,0.20435909158944143,0.42752035783074355,0.0,-0.054024641285297686,0.17528165221999256
curated,238,0.20435909158944143,0.42752035783074355,0.0,-0.054024641285297686,0.17528165221999256
curated,239,0.20435909158944143,0.42752035783074355,0.0,-0.054024641285297686,0.17528165221999256
curated,240,0.20435909158944143,0.42752035783074355,0.0,-0.054024641285297686,0.17528165221999256
curated,241,0.20435909158944143,0.42752035783074355,0.0,-0.054024641285297686,0.17528165221999256
curated,242,0.20435909158944143,0.42752035783074355,0.0,-0.054024641285297686,0.17528165221999256
curated,243,0.20435909158944143,0.42752035783074355,0.0,-0.054024641285297686,0.17528165221999256
curated,244,0.20435909158944143,0.42752035783074355,0.0,-0.054024641285297686,0.17528165221999256
curated,245,0.20435909158944143,0.42752035783074355,0.0,-0.054024641285297686,0.17528165221999256
curated,246,0.20435909158944143,0.42752035783074355,0.0,-0.054024641285297686,0.17528165221999256
curated,247,0.20435909158944143,0.42752035783074355,0.0,-0.054024641285297686,0.17528165221999256
curated,248,0.20435909158944143,0.42752035783074355,0.0,-0.054024641285297686,0.17528165221999256
curated,249,0.20435909158944143,0.42752035783074355,0.0,-0.054024641285297686,0.17528165221999256
curated,250,0.20435909158944143,0.42752035783074355,0.0,-0.054024641285297686,0.17528165221999256
curated,251,0.20435909158944143,0.42752035783074355,0.0,-0.054024641285297686,0.17528165221999256
curated,252,0.20435484103839202,0.42752883992058605,0.0,-0.054024641285297686,0.175285902771042
curated,253,0.20435484103839202,0.42752883992058605,0.0,-0.054024641285297686,0.175285902771042
curated,254,0.20435484103839202,0.42752883992058605,0.0,-0.054024641285297686,0.175285902771042
curated,255,0.20435484103839202,0.42752883992058605,0.0,-0.054024641285297686,0.175285902771042
curated,256,0.20435484103839202,0.42752883992058605,0.0,-0.054024641285297686,0.175285902771042
curated,257,0.20435915519897466,0.42753252518412765,0.0,-0.054024641285297686,0.17529021693162466
curated,258,0.20435915519897466,0.42753252518412765,0.0,-0.054024641285297686,0.17529021693162466
curated,259,0.20435915519897466,0.42753252518412765,0.0,-0.054024641285297686,0.17529021693162466
curated,260,0.20435915519897466,0.42753252518412765,0.0,-0.054024641285297686,0.17529021693162466
curated,261,0.20435915519897466,0.42753252518412765,0.0,-0.054024641285297686,0.17529021693162466
curated,262,0.20435915519897466,0.42753252518412765,0.0,-0.054024641285297686,0.17529021693162466
curated,263,0.20435915519897466,0.42753252518412765,0.0,-0.054024641285297686,0.17529021693162466
curated,264,0.20435915519897466,0.42753252518412765,0.0,-0.054024641285297686,0.17529021693162466
curated,265,0.20435915519897466,0.42753252518412765,0.0,-0.054024641285297686,0.17529021693162466
curated,266,0.20435915519897466,0.42753252518412765,0.0,-0.054024641285297686,0.17529021693162466
curated,267,0.20435915519897466,0.42753252518412765,0.0,-0.054024641285297686,0.17529021693162466
curated,268,0.20435915519897466,0.42753252518412765,0.0,-0.054024641285297686,0.17529021693162466
curated,269,0.20435915519897466,0.42753252518412765,0.0,-0.054024641285297686,0.17529021693162466
curated,270,0.20435915519897466,0.42753252518412765,0.0,-0.054024641285297686,0.17529021693162466
curated,271,0.20435915519897466,0.42753252518412765,0.0,-0.054024641285297686,0.17529021693162466
curated,272,0.20435915519897466,0.42753252518412765,0.0,-0.054024641285297686,0.17529021693162466
curated,273,0.20436361863709795,0.4275363367298742,0.0,-0.054024641285297686,0.1752946803697479
curated,274,0.20436361863709795,0.4275363367298742,0.0,-0.054024641285297686,0.1752946803697479
curated,275,0.20436361863709795,0.4275363367298742,0.0,-0.054024641285297686,0.1752946803697479
curated,276,0.20436361863709795,0.4275363367298742,0.0,-0.054024641285297686,0.1752946803697479
curated,277,0.20436361863709795,0.4275363367298742,0.0,-0.054024641285297686,0.1752946803697479
curated,278,0.20436361863709795,0.4275363367298742,0.0,-0.054024641285297686,0.1752946803697479
curated,279,0.20436361863709795,0.4275363367298742,0.0,-0.054024641285297686,0.1752946803697479
curated,280,0.20436361863709795,0.4275363367298742,0.0,-0.054024641285297686,0.1752946803697479
curated,281,0.20436361863709795,0.4275363367298742,0.0,-0.054024641285297686,0.1752946803697479
curated,282,0.20436361863709795,0.4275363367298742,0.0,-0.054024641285297686,0.1752946803697479
curated,283,0.20436361863709795,0.4275363367298742,0.0,-0.054024641285297686,0.1752946803697479
curated,284,0.20436361863709795,0.4275363367298742,0.0,-0.054024641285297686,0.1752946803697479
curated,285,0.20436361863709795,0.4275363367298742,0.0,-0.054024641285297686,0.1752946803697479
curated,286,0.20436361863709795,0.4275363367298742,0.0,-0.054024641285297686,0.1752946803697479
curated,287,0.20436361863709795,0.4275363367298742,0.0,-0.054024641285297686,0.1752946803697479
curated,288,0.20436361863709795,0.4275363367298742,0.0,-0.054024641285297686,0.1752946803697479
curated,289,0.20436361863709795,0.4275363367298742,0.0,-0.054024641285297686,0.1752946803697479
curated,290,0.20436361863709795,0.4275363367298742,0.0,-0.054024641285297686,0.1752946803697479
curated,291,0.20436361863709795,0.4275363367298742,0.0,-0.054024641285297686,0.1752946803697479
curated,292,0.20436826550180764,0.4275403044542955,0.0,-0.054024641285297686,0.17529932723445765
curated,293,0.20436826550180764,0.4275403044542955,0.0,-0.054024641285297686,0.17529932723445765
curated,294,0.20436826550180764,0.4275403044542955,0.0,-0.054024641285297686,0.17529932723445765
curated,295,0.20436826550180764,0.4275403044542955,0.0,-0.054024641285297686,0.17529932723445765
curated,296,0.20436826550180764,0.4275403044542955,0.0,-0.054024641285297686,0.17529932723445765
curated,297,0.20436826550180764,0.4275403044542955,0.0,-0.054024641285297686,0.17529932723445765
curated,298,0.20436826550180764,0.4275403044542955,0.0,-0.054024641285297686,0.17529932723445765
curated,299,0.20436826550180764,0.4275403044542955,0.0,-0.054024641285297686,0.17529932723445765
