step,mean_belief,polarization_var,assortativity,share_extremes,mean_influence,var_influence,mean_cred_weighted_influence,influence_gini,elite_fraction,regime
0,-0.028331703503606066,0.4768347000908084,-0.0016025641025545797,0.192,0.0052490362250605625,1.0799731612753305e-05,0.002648182715353747,0.3472049177495512,0.03,mixed
1,-0.029046380476866154,0.465544661288734,-0.0016025641025545797,0.112,0.25506076569445635,0.004943719204663879,0.12734465321119126,0.09809372899152435,0.03,mixed
2,-0.02785457211048924,0.45918742983994093,-0.0016025641025545797,0.072,0.43760994892248034,0.012715427524378955,0.21878695577677632,0.09108530116217867,0.03,mixed
3,-0.02783979839589809,0.4542880670800504,-0.0016025641025545797,0.04,0.5726659408034944,0.01960659795137029,0.2865481487210215,0.08427501286460563,0.03,mixed
4,-0.02794557252464774,0.45006750015465036,-0.0016025641025545797,0.018,0.6723030268495834,0.024031974525645452,0.33693863232702115,0.07683747984630986,0.03,mixed
5,-0.026994549427153618,0.44819288764767906,-0.0016025641025545797,0.016,0.7445001332405987,0.02827807711415996,0.3733884229736624,0.07260208510652455,0.03,mixed
6,-0.025940648756582255,0.4455168863756096,-0.0016025641025545797,0.016,0.7973920196749977,0.03142457090800061,0.40015084863769496,0.06836883321415724,0.03,mixed
7,-0.026087973434555344,0.44417513885686427,-0.0016025641025545797,0.016,0.8358070387007671,0.03406811253317932,0.4196771529619459,0.06526523910230776,0.03,mixed
8,-0.025449625861741473,0.44313913766070095,-0.0016025641025545797,0.016,0.8637651421925983,0.035993245874179826,0.43383243548377737,0.06268280140000934,0.03,mixed
9,-0.024762572078512866,0.4415705514840604,-0.0016025641025545797,0.014,0.885038194393597,0.03580806865347541,0.4446779672215441,0.05945632492908533,0.03,mixed
10,-0.02438806626326136,0.4411509940319174,-0.0016025641025545797,0.014,0.9004175120968607,0.03600465658416044,0.45250034590797966,0.05718936942576374,0.03,mixed
11,-0.024106606722681723,0.44033431281516233,-0.0016025641025545797,0.014,0.9114277169671968,0.03636640525679113,0.45813511843551447,0.05576397945590088,0.03,mixed
12,-0.02411619996000619,0.4394088833681218,-0.0016025641025545797,0.014,0.9197504183337014,0.03672916610504398,0.4623753746141259,0.054432603454386934,0.03,mixed
13,-0.023913393457917122,0.4379906921064162,-0.0016025641025545797,0.014,0.9256858109898521,0.03708472761470912,0.46540338106569445,0.053597687816530314,0.03,mixed
14,-0.024236659675367242,0.4371228826924235,-0.0016025641025545797,0.014,0.9302260282238324,0.03737765850912569,0.46770372095704565,0.052827353888651486,0.03,mixed
15,-0.023048496271618837,0.4365875581855057,-0.0016025641025545797,0.014,0.934899377322476,0.03521096828563927,0.4701153440713495,0.05096603633415509,0.03,mixed
16,-0.022938751930776113,0.4353948656771845,-0.0016025641025545797,0.014,0.9385767427747632,0.03368597915900386,0.4718992093994303,0.049391156927252385,0.03,mixed
17,-0.02305360477255895,0.4342470123963819,-0.0016025641025545797,0.014,0.9419906525575718,0.03197697907209594,0.47346326733434674,0.04750930039077025,0.03,mixed
18,-0.022231311953395134,0.43372329547934746,-0.0016025641025545797,0.014,0.9441775267331038,0.031119464631054253,0.47441989609370583,0.04633203242586853,0.03,mixed
19,-0.023106665874341403,0.4322125816324294,-0.0016025641025545797,0.014,0.9456616025704065,0.03067903981894329,0.4750660391689863,0.04556064153075295,0.03,mixed
20,-0.022750262716112,0.4315556773209063,-0.0016025641025545797,0.014,0.946954495122607,0.030519096897411616,0.4755974827797524,0.04489387663221794,0.03,mixed
21,-0.022897843410624497,0.43038995929901774,-0.0016025641025545797,0.014,0.9477634221230764,0.030433463143876214,0.47595589215851714,0.044526185766390086,0.03,mixed
22,-0.02311339230112912,0.4289099359354232,-0.0016025641025545797,0.014,0.948087581455396,0.030325691645272778,0.4760877273738206,0.04439355919856257,0.03,mixed
23,-0.023106103092721306,0.42803058141318456,-0.0016025641025545797,0.014,0.9483704500501156,0.030327342727076947,0.47621410610670767,0.04437645393095124,0.03,mixed
24,-0.022822408278969378,0.42684518419120737,-0.0016025641025545797,0.014,0.9486659320260363,0.030310209946564755,0.47635123067046514,0.04422793573143667,0.03,mixed
25,-0.022734952905688787,0.425695779252915,-0.0016025641025545797,0.014,0.9489242159126337,0.030279813881053785,0.476527403468928,0.04407568062904306,0.03,mixed
26,-0.023471177504524113,0.4241646501373449,-0.0016025641025545797,0.014,0.9490873257923785,0.030274400749746893,0.47664155954066845,0.04399703554606242,0.03,mixed
27,-0.023488419317814164,0.42320675003895136,-0.0016025641025545797,0.014,0.9493944306378893,0.030262600889216514,0.4768256268494515,0.04379736002761774,0.03,mixed
28,-0.02319973741140064,0.4225653040327852,-0.0016025641025545797,0.014,0.9495251163454508,0.03025745681841932,0.47691057683887345,0.04371958459126813,0.03,mixed
29,-0.022867068976789993,0.42207459152526294,-0.0016025641025545797,0.014,0.9499406228538735,0.03025060826233788,0.47711676514215445,0.04343799518706783,0.03,mixed
30,-0.023468078735051284,0.420613413151986,-0.0016025641025545797,0.014,0.9500635596670156,0.030264972037749818,0.4771883159052284,0.043457385307912884,0.03,mixed
31,-0.02365073999320878,0.41933179174913143,-0.0016025641025545797,0.014,0.9500154455561847,0.030278180211702647,0.47714338649501953,0.04356745699720466,0.03,mixed
32,-0.02410633555012555,0.4180689018184089,-0.0016025641025545797,0.014,0.9501286885859097,0.030273014611131684,0.47719937005690083,0.04347259364411764,0.03,mixed
33,-0.024419422848712295,0.4168689789713728,-0.0016025641025545797,0.014,0.9502305313529016,0.03027483328249824,0.4772617144589935,0.04344603889719474,0.03,mixed
34,-0.02441643369476944,0.41614730521806476,-0.0016025641025545797,0.014,0.9502746174768163,0.030287006974363526,0.47729608787297734,0.04348100798795326,0.03,mixed
35,-0.02432030749179836,0.4152546514485487,-0.0016025641025545797,0.014,0.9500751318492616,0.030294840867821696,0.47721979434534945,0.04368500134140697,0.03,mixed
36,-0.024381597193279918,0.4142124499388347,-0.0016025641025545797,0.014,0.9501520557358378,0.030300174147008228,0.47726026508665914,0.04368771813427907,0.03,mixed
37,-0.02453176172449124,0.4131139331727917,-0.0016025641025545797,0.014,0.950237398445234,0.03029646977024751,0.4772948805006247,0.04362429586786107,0.03,mixed
38,-0.02492578819520934,0.4119007527995965,-0.0016025641025545797,0.014,0.9503363127565689,0.030291363416514606,0.4773163071835291,0.04354365397269567,0.03,mixed
39,-0.025019282543520177,0.41124045359434525,-0.0016025641025545797,0.014,0.9504326598413522,0.03028748166930594,0.47737227166253704,0.04344612675933786,0.03,mixed
40,-0.025298899758923958,0.4102336196471641,-0.0016025641025545797,0.014,0.9506180227873312,0.03027094137115672,0.4774493985753978,0.043240644116088446,0.03,mixed
41,-0.025328833651719677,0.40945253711253665,-0.0016025641025545797,0.014,0.9508669124216277,0.030250727920809066,0.4775438431450336,0.042958104036101646,0.03,mixed
42,-0.025192100317172693,0.40849628268243665,-0.0016025641025545797,0.014,0.950894076790563,0.030228801198041333,0.47755808580351505,0.04287724796373811,0.03,mixed
43,-0.02551868334463046,0.40722315524688585,-0.0016025641025545797,0.014,0.9508254707679232,0.030228656198653357,0.4775326275877111,0.042919534515241824,0.03,mixed
44,-0.02575376059753459,0.40582705532928814,-0.0016025641025545797,0.014,0.9503538514469618,0.03021113165285351,0.4773205942226915,0.04321242110090554,0.03,mixed
45,-0.026059108744051276,0.4043817544581534,-0.0016025641025545797,0.014,0.9496639331032825,0.030216385363441366,0.47696200287049495,0.0437314039799827,0.03,mixed
46,-0.02666399640043042,0.40243366124886226,-0.0016025641025545797,0.014,0.9490489833265164,0.030212730126514216,0.47667311996419015,0.044152333084290264,0.03,mixed
47,-0.026579024206905267,0.40133052466680647,-0.0016025641025545797,0.014,0.948744823808309,0.03021266322586193,0.476515463051231,0.04438396417881836,0.03,mixed
48,-0.0267990974637946,0.39979654681007526,-0.0016025641025545797,0.014,0.9481052438730478,0.03022377629983218,0.4762826292062896,0.04486390053573291,0.03,mixed
49,-0.026945617006377966,0.3982995180406242,-0.0016025641025545797,0.014,0.9477742306563486,0.030244431889115936,0.4761439139226381,0.04510211434863618,0.03,mixed
50,-0.027134492313300135,0.39668027799789646,-0.0016025641025545797,0.014,0.9475302133901584,0.030246749768608788,0.4760497331692708,0.04523270836028143,0.03,mixed
51,-0.02671992313660914,0.39598645973110635,-0.0016025641025545797,0.014,0.9474795566025533,0.03024958049313921,0.47600904222630697,0.04529162307526599,0.03,mixed
52,-0.027265579241937905,0.39443469554597893,-0.0016025641025545797,0.014,0.9476404422209029,0.03022340063220408,0.47612502794455636,0.04512431316357515,0.03,mixed
53,-0.027360525944781822,0.39344514192838675,-0.0016025641025545797,0.014,0.9479847953208081,0.030214322970491883,0.47629569933178567,0.044917183788309674,0.03,mixed
54,-0.0273354582506163,0.39257660129243915,-0.0016025641025545797,0.014,0.9480311355758486,0.030224797326158008,0.4763167312627702,0.04492038510185194,0.03,mixed
55,-0.027567344766019866,0.39127332589246216,-0.0016025641025545797,0.014,0.9479592886392296,0.03023099594389261,0.47627373119175936,0.04501696848633412,0.03,mixed
56,-0.027476324744739874,0.3902902004202928,-0.0016025641025545797,0.014,0.9477243691921683,0.030249482842071983,0.47611371722136,0.04521918777147096,0.03,mixed
57,-0.027175685649082952,0.389285645729386,-0.0016025641025545797,0.014,0.9482781667879508,0.029453128789692695,0.4764260018917743,0.04468129806564798,0.03,mixed
58,-0.027324192124390436,0.38785389702461265,-0.0016025641025545797,0.014,0.9487174151365423,0.02896647383759144,0.4766552003793952,0.04425882874055094,0.03,mixed
59,-0.027707893971533747,0.3865294474006932,-0.0016025641025545797,0.014,0.9492217680038332,0.02868891818097787,0.47686190504432885,0.04377118818905035,0.03,mixed
60,-0.02785867929804703,0.3851697531964866,-0.0016025641025545797,0.014,0.9490832162207937,0.028557400404219932,0.47669727777708376,0.04379328417118768,0.03,mixed
61,-0.02832027044085993,0.38359240107825926,-0.0016025641025545797,0.014,0.9490132546322898,0.028488724830792997,0.47657190820129886,0.043819924028683545,0.03,mixed
62,-0.02874324981379418,0.38203755974117526,-0.0016025641025545797,0.014,0.9492599112839295,0.0284269089285417,0.4766417205960788,0.04353880558803371,0.03,mixed
63,-0.029610899686273107,0.3802089442144564,-0.0016025641025545797,0.014,0.9493816991093504,0.02840261951672322,0.47664755726409636,0.04339544097171995,0.03,mixed
64,-0.029353075975608833,0.3792760210889555,-0.0016025641025545797,0.014,0.949389764556259,0.028390813727446413,0.47663080999916624,0.04333296040649657,0.03,mixed
65,-0.029595357097220082,0.3776101651216461,-0.0016025641025545797,0.014,0.9491564251568175,0.02835038401224291,0.47647319491701773,0.043314809771444744,0.03,mixed
66,-0.030247476402246558,0.37598311876246704,-0.0016025641025545797,0.014,0.9491280287152037,0.028344687432374796,0.4764421406127668,0.043285396752466565,0.03,mixed
67,-0.03036191790716056,0.3745072255862166,-0.0016025641025545797,0.014,0.9489147598090176,0.028331657257644166,0.47636124133388097,0.043339397472350244,0.03,mixed
68,-0.0303759036910386,0.3733024955717593,-0.0016025641025545797,0.014,0.9489243620244691,0.02835511056856798,0.47638039855244846,0.04340463226111558,0.03,mixed
69,-0.030047960506662655,0.37261202502690083,-0.0016025641025545797,0.014,0.9494897982210496,0.028342740194396265,0.4767257744272768,0.042946244828884574,0.03,mixed
70,-0.03028592192632567,0.3714774849331804,-0.0016025641025545797,0.014,0.9499244570917105,0.028335185222040555,0.4769687383578955,0.04267915814150581,0.03,mixed
71,-0.030251524178041982,0.37072044490023337,-0.0016025641025545797,0.014,0.9510287236148499,0.0275594148122267,0.47762785437117644,0.041777870168109986,0.03,mixed
72,-0.030084929582470218,0.3699205221155241,-0.0016025641025545797,0.014,0.95181980222051,0.02708565896084956,0.4781021700759636,0.04114789505687975,0.03,mixed
73,-0.0303899727254319,0.3688946738948963,-0.0016025641025545797,0.014,0.9527947615108301,0.026789119933564486,0.4786456872158044,0.04028386275783248,0.03,mixed
74,-0.030486221332342908,0.36812259880917,-0.0016025641025545797,0.014,0.9536595431935837,0.02663919771820897,0.4791550955453073,0.039608162324972114,0.03,mixed
75,-0.030564015663646978,0.3674327547940039,-0.0016025641025545797,0.014,0.9543480259443452,0.026562810705001202,0.4795499927332482,0.039072225579913376,0.03,mixed
76,-0.03081086761492207,0.366537312265001,-0.0016025641025545797,0.014,0.9547250520975314,0.02653172843831065,0.47976251783436613,0.03874008320326868,0.03,mixed
77,-0.030744880492760227,0.36609025702496023,-0.0016025641025545797,0.014,0.9553833256984225,0.026528836606268626,0.4800937299081353,0.03832276701670798,0.03,mixed
78,-0.03090826629830007,0.3652717354415797,-0.0016025641025545797,0.014,0.9559224700683374,0.026543810593870284,0.4803624161864418,0.03802601457526362,0.03,mixed
79,-0.030810741888140137,0.36493329539096064,-0.0016025641025545797,0.014,0.9565437878883345,0.02654766352770229,0.4806823479753928,0.03763759961297012,0.03,mixed
80,-0.03075943408278544,0.3646248552932666,-0.0016025641025545797,0.014,0.9572451134564448,0.026545995917610525,0.4810420079747506,0.037151721174650786,0.03,mixed
81,-0.030956205475822784,0.3640392147664632,-0.0016025641025545797,0.014,0.9577878900450763,0.026537876946228032,0.4813136301142261,0.03676667898016592,0.03,mixed
82,-0.030832805089778773,0.363783395688592,-0.0016025641025545797,0.014,0.9583664429150625,0.026540616632118274,0.48159068397057003,0.03637065236422643,0.03,mixed
83,-0.030886166157367133,0.3634904052275924,-0.0016025641025545797,0.014,0.9588489650994825,0.026540340610677587,0.48183677784009227,0.036036364234626035,0.03,mixed
84,-0.03094611753971954,0.36323458972512823,-0.0016025641025545797,0.014,0.9593433194269012,0.026541708236184732,0.4820875225134071,0.035692214209926534,0.03,mixed
85,-0.030920414626515107,0.3628641768326136,-0.0016025641025545797,0.014,0.9594738521915915,0.02655881931634848,0.4821954201812027,0.03565550952958381,0.03,mixed
86,-0.030833356774620815,0.3624498551002441,-0.0016025641025545797,0.014,0.9602178183604863,0.025753732853954915,0.4826270907524642,0.035077896556918294,0.03,mixed
87,-0.030371923434434237,0.36234581331271287,-0.0016025641025545797,0.014,0.9607636604083567,0.025299306526406582,0.48295448412892156,0.03465923310146877,0.03,mixed
88,-0.030096017700004137,0.36207865702863423,-0.0016025641025545797,0.014,0.9612766207376559,0.025052959608704305,0.4832394576789162,0.034298970013509913,0.03,mixed
89,-0.03003463729505287,0.36168983149565404,-0.0016025641025545797,0.014,0.9616401845529922,0.024922169785217066,0.4834291929187471,0.03402724507804987,0.03,mixed
90,-0.029936767292958577,0.36143701647736953,-0.0016025641025545797,0.014,0.9622513520463014,0.02485334211118556,0.48373559130656135,0.033546748275754795,0.03,mixed
91,-0.030122246742047828,0.36090042033060843,-0.0016025641025545797,0.014,0.9626592521213695,0.024813648933501922,0.4839418670209493,0.033239290512895994,0.03,mixed
92,-0.030106671139842337,0.3605865306977381,-0.0016025641025545797,0.014,0.963171340651275,0.02479989403117638,0.4842026034109375,0.03285700905734836,0.03,mixed
93,-0.02982436758051873,0.3603606586786118,-0.0016025641025545797,0.014,0.963374567512979,0.02480421309855244,0.48426312203161553,0.03275643775858521,0.03,mixed
94,-0.02964715704492287,0.360251544430246,-0.0016025641025545797,0.014,0.9638548994613941,0.02479885908281775,0.4844748527312932,0.03240371844746187,0.03,mixed
95,-0.029643050207104928,0.36008389589941747,-0.0016025641025545797,0.014,0.9644140332467045,0.024792980811561748,0.484760036537056,0.031971962855755126,0.03,mixed
96,-0.02962137277817524,0.3599947391767783,-0.0016025641025545797,0.014,0.9649890333246224,0.024787002650887152,0.48503360107429894,0.03150191191782665,0.03,mixed
97,-0.029560096615134958,0.359953393013842,-0.0016025641025545797,0.014,0.9655550774369013,0.024788547876288865,0.4853032043543964,0.031053667966303124,0.03,mixed
98,-0.02957237546120632,0.3599078665472222,-0.0016025641025545797,0.014,0.9660796813180454,0.02479455719468348,0.48555477113918927,0.03065368910689085,0.03,mixed
99,-0.029412010570609808,0.3600149816000555,-0.0016025641025545797,0.014,0.9666269199651966,0.024806464667691545,0.4858226684666894,0.030265409074366287,0.03,mixed
100,-0.029319649141351132,0.3600336435253533,-0.0016025641025545797,0.014,0.9671075003490928,0.024820212621893246,0.4860576671873299,0.029945747928711627,0.03,mixed
